ARQ2,2,50,23,0.0,0.0,0.0,0.0,0.0,0.0,0.0
ARQ4,4,50,45,0.0,0.0,0.0,0.0,0.0,0.0,0.0
ARQ8,8,50,89,0.0,0.0,0.0,0.0,0.0,0.0,0.0
ARQ16,16,50,168,0.0,0.0,0.0,0.0,0.0,0.0,0.0
ARQ64,64,50,642,0.0,0.0,0.0,0.0,0.0,0.0,0.0
ARQ128,128,50,1283,0.0,0.0,0.0,0.0,0.0,0.0,0.0
ARQ256,256,50,2565,0.0,0.0,0.0,0.0,0.0,0.0,0.0
ARQ300,300,50,3004,0.0,0.0,0.0,0.0,0.0,0.0,0.0
ARQ350,350,50,3509,0.0,0.0,0.0,0.0,0.0,0.0,0.0
ARQ400,400,50,4005,0.0,0.0,0.0,0.0,0.0,0.0,0.0
ARQ450,450,50,4510,0.0,0.0,0.0,0.0,0.0,0.0,0.0
ARQ500,500,50,5006,0.0,0.0,0.0,0.0,0.0,0.0,0.0
ARQ550,550,50,5502,0.0,0.0,0.0,0.0,0.0,0.0,0.0
ARQ600,600,50,6007,0.0,0.0,0.0,0.0,0.0,0.0,0.0
ARQ2,2,100,23,0.5413672766089439,0.6445468381047249,0.6334892326593399,0.7120795544981956,0.4686290645599365,0.6000223932862281,0.08528058682854738
ARQ4,4,100,45,0.6216676324605942,0.48516119733452795,0.6533297538757324,0.4830551266670227,0.5085630844533443,0.5503553589582444,0.07240906095960825
ARQ8,8,100,89,0.511652162373066,0.43891559809446334,0.5173087048530579,0.4658931365609169,0.49495062209665774,0.4857440447956324,0.02945940041729987
ARQ16,16,100,168,0.35970417261123655,0.25254564728587864,0.4623863507807255,0.12689730966463686,0.4899727499485016,0.33830124605819584,0.13483700576241942
ARQ64,64,100,642,0.24601712316700286,0.6853193926811219,0.24973672175212414,0.6853314477205277,0.2521531268724357,0.42371156243864244,0.21361576579127808
ARQ128,128,100,1283,0.24541053927277973,0.0038511746181120543,0.68534632563591,0.6853260362148285,0.6853360569477082,0.46105402653786764,0.28511189393899206
ARQ256,256,100,2565,0.2395202734677878,0.24223344797277732,0.09737200466567629,0.17405946844804818,0.6817078095674515,0.2869786008243482,0.20433646837392652
ARQ300,300,100,3004,0.6853221547603607,0.6733321875333786,0.673316667675972,0.6853293240070343,0.6853113883733749,0.6805223444700241,0.0058770793330464675
ARQ350,350,100,3509,0.6853393989801407,0.6853579813241959,0.10645927212044455,0.00031269489418519743,0.24665963980377767,0.34482579742454883,0.2888100253864116
ARQ400,400,100,4005,0.6735198587179184,0.6744769805669785,0.6853415876626968,0.6735374265909195,0.6740644347667694,0.6761880576610565,0.004590638325550969
ARQ450,450,100,4510,0.6791480082273483,0.6732499837875366,0.6746769672632218,0.673334212899208,0.673237938284874,0.6747294220924378,0.0022753692131097488
ARQ500,500,100,5006,0.6853519493341446,0.673750051856041,0.6731999725103378,0.6732572418451309,0.6853725808858872,0.6781863592863082,0.00586222717158319
ARQ550,550,100,5502,0.685332710146904,0.6853383457660676,0.6853730821609497,0.6853262877464295,0.6853283941745758,0.6853397639989852,1.716246148157596e-05
ARQ600,600,100,6007,0.25708079483105706,0.6776108998060226,0.676521230340004,0.6741861951351166,0.6733814144134521,0.5917561069051305,0.1673446422197581
ARQ2,2,150,23,0.4749874996145566,0.6827810660998026,0.6657412258783976,0.6374982140461604,0.682579052845637,0.6287174116969109,0.07861896245807327
ARQ4,4,150,45,0.7106198926766714,0.3970213237404823,0.3422914296388626,0.32444044142961503,0.7089950543642044,0.4966736283699672,0.17565995999866826
ARQ8,8,150,89,0.31421353757381437,0.42189704477787016,0.44209723194440204,0.3452724183599154,0.4403360014160474,0.3927632468144099,0.05286061456707811
ARQ16,16,150,168,0.03167756736278534,0.12680607939759891,0.08829881731420755,0.17557181699822347,0.19880129933357238,0.12423111608127753,0.06010074826834823
ARQ64,64,150,642,0.22969374997337583,0.6826449159781138,0.6826611236731212,0.21743329003740655,0.6826265752315521,0.4990119309787138,0.22493610221374932
ARQ128,128,150,1283,0.6826554516951243,0.21446756831609942,0.6826366400718689,0.6826865188280742,3.455771943663422e-05,0.45249614732612065,0.2899326312838981
ARQ256,256,150,2565,0.6788363083203633,0.6826672236124675,0.6742704407374064,0.0028901468366967008,0.0002424654569934622,0.40778131699278547,0.3316848800404905
ARQ300,300,150,3004,0.6826659361521403,0.6826547900835673,0.6826736187934875,0.6826432983080546,0.6826349087556203,0.6826545104185741,1.4182328474015858e-05
ARQ350,350,150,3509,0.6826698060830434,0.6795851027965546,0.682646373907725,0.6733842428525288,0.6801543466250102,0.6796879744529724,0.003394364885363629
ARQ400,400,150,4005,0.0002373695938309818,0.6733855911095937,0.674673498471578,0.6826417009035747,0.6732801727453868,0.5408436665647928,0.2703253834572546
ARQ450,450,150,4510,0.6756493906180064,0.6826574110984802,0.6746988161404928,0.6733158310254415,0.6826427419980367,0.6777928381760916,0.004034763180593345
ARQ500,500,150,5006,0.6826268148422241,0.6826352977752685,0.6732460335890452,0.6734144179026286,0.6826334222157796,0.6789111972649893,0.004557156130942087
ARQ550,550,150,5502,0.682633665005366,0.6826451321442922,0.6826394124825795,0.22585014830437813,0.6826412959893544,0.591281930785194,0.18271589127786214
ARQ600,600,150,6007,0.6745652159055074,0.6744406712055206,0.673367776075999,0.6826470299561819,0.6735418438911438,0.6757125074068705,0.003499456906765661
ARQ2,2,200,23,0.4825921522080898,0.6413753241300583,0.5422070422768592,0.6262355569005013,0.6542344313859939,0.5893289013803005,0.06617682736014054
ARQ4,4,200,45,0.3911485955119133,0.3476433454453945,0.5879136863350868,0.30698556572198865,0.5416187328100205,0.43506198516488076,0.11017436779747482
ARQ8,8,200,89,0.49872570276260375,0.46981167316436767,0.21594003558158875,0.322007856965065,0.5343311789631844,0.40816328948736197,0.12024387563467319
ARQ16,16,200,168,0.43618947103619576,0.16466220632195472,0.24547490134835243,0.07039599414914846,0.07239866264164448,0.19782424709945917,0.13576289822174525
ARQ64,64,200,642,0.32187491428107023,0.31973916763439775,0.2571969380020164,0.3248380910445121,0.23694680145345046,0.2921191824830894,0.037369369596283265
ARQ128,128,200,1283,0.22678364168998655,0.2310542546774377,0.31118642235647714,0.6836998116970062,0.6838177281618119,0.42730837171654396,0.2115390145431454
ARQ256,256,200,2565,0.6835234594345093,0.22513931793276357,0.675198250412941,0.0005623931316404196,0.22725418853820883,0.36233552189001267,0.2716594705932046
ARQ300,300,200,3004,0.6850240844488144,0.6841980707645416,0.6839476317167282,0.6843214696645736,0.6846375578641891,0.6844257628917694,0.0003726059576962291
ARQ350,350,200,3509,0.6775497502088547,0.6783645766973495,0.6751630890369416,1.3402504196733389e-05,0.6753688138723374,0.5412919264639359,0.27064206856271267
ARQ400,400,200,4005,0.6753890013694763,0.6846503156423569,0.6835185527801514,0.0004979904575486672,0.6752089929580688,0.5438529706415204,0.27170614040268687
ARQ450,450,200,4510,0.6842071545124054,0.6762039369344711,0.6844334781169892,0.6753213900327683,0.6751920926570892,0.6790716104507446,0.004300274423108612
ARQ500,500,200,5006,0.6753399783372879,0.6844277906417847,0.6753118807077407,0.6843569034337997,0.6751683664321899,0.6789209839105605,0.004467784825203106
ARQ550,550,200,5502,0.27675048821518433,0.6840804892778397,0.6753724533319473,0.6840947288274765,0.6831888151168823,0.6006973949538661,0.16200657569747495
ARQ600,600,200,6007,0.6752133339643478,0.6842474365234374,0.6775471085309982,0.6755152213573455,0.6817139184474945,0.6788474037647247,0.0035602789448754206
ARQ2,2,250,23,0.6214189610481262,0.6607592530250549,0.6792705411911011,0.6665734367370606,0.7380867462158203,0.6732217876434325,0.03775473070286663
ARQ4,4,250,45,0.29950198948383333,0.5164377691745758,0.3707229022979736,0.5315175261497498,0.22386521792411804,0.38840908100605015,0.12013602855410226
ARQ8,8,250,89,0.45230339574813844,0.334990176320076,0.35778476190567016,0.2692188512086868,0.34187388110160827,0.3512342132568359,0.05888275384696089
ARQ16,16,250,168,0.03190750546008349,0.13104666015505792,0.12566875672340394,0.3853415724635124,0.09067184063792229,0.15292726708799603,0.12145757902839281
ARQ64,64,250,642,0.3006437071086839,0.6821922836303711,0.6820677905082703,0.2189235719810822,0.3254521240107715,0.4418558954478359,0.19932529944778268
ARQ128,128,250,1283,0.6828185172080994,0.6826210503578186,5.9971184118467135e-05,0.2914662604205587,0.6824938435554504,0.4678919285452091,0.27869293959348274
ARQ256,256,250,2565,0.6748228454589844,0.21021195254701455,6.182608689869085e-06,0.6747832131385804,0.6826268401145935,0.44849020677357254,0.288155998551016
ARQ300,300,250,3004,0.6748320593833923,0.6827399616241455,0.6827369651794434,0.6828366746902466,0.6823217663764953,0.6810934854507446,0.0031357534521201788
ARQ350,350,250,3509,0.217836331597254,0.6825268907546997,0.6822095875740051,0.6749311599731446,0.0033515758230305438,0.4521711091444268,0.2870384257842867
ARQ400,400,250,4005,0.6828471279144287,0.6748470149040222,0.6824177622795105,0.2354715475455123,0.6827290415763855,0.5916624988439719,0.17812126606570688
ARQ450,450,250,4510,0.6748900690078735,0.678492244720459,0.6750436472892761,0.6747856583595276,0.6748591661453247,0.6756141571044922,0.0014414988633319598
ARQ500,500,250,5006,0.682632565498352,0.6748159546852112,0.6750805134773255,0.6823151731491088,0.08148312143990188,0.5592654656499798,0.23891491418453906
ARQ550,550,250,5502,0.6823164710998535,0.6824281187057495,0.6827311849594117,0.682635042667389,0.6825300974845886,0.6825281829833985,0.000146606439789105
ARQ600,600,250,6007,0.6750040526390075,0.6748523745536804,0.004605492273345589,0.6748757328987122,0.674941243648529,0.5408557792026549,0.2681251487002838
ARQ2,2,300,23,0.532529981136322,0.5621478241682053,0.6738307356834412,0.45115358009934425,0.30624350979924203,0.505181126177311,0.12241814104087641
ARQ4,4,300,45,0.2066343791782856,0.46843972310423854,0.27184470660984517,0.462371709048748,0.5124073597788811,0.38433957554399967,0.12148863188766146
ARQ8,8,300,89,0.30311799883842466,0.19882091924548148,0.302144972383976,0.23486160844564438,0.24764832422137262,0.25731876462697983,0.04031574866450365
ARQ16,16,300,168,0.05139480253681541,0.352144815325737,0.05746215619146824,0.034290546383708716,0.2595949399471283,0.1509774520769715,0.13003362282267122
ARQ64,64,300,642,0.31322881457672336,0.23167977347038687,0.6829719626903534,0.6820085924863816,0.6823974102735519,0.5184573106994794,0.20250952581158524
ARQ128,128,300,1283,0.6830583763122559,0.00022578284617338795,0.6817627495527268,0.6828977185487747,0.0005572656127333176,0.40970037857453284,0.33419959504147523
ARQ256,256,300,2565,0.6835927027463913,0.2206953394136508,0.6819911569356918,0.6821041190624237,0.22071165048563596,0.49781899372875876,0.22626456352772306
ARQ300,300,300,3004,0.6816778868436814,0.6745033234357833,0.6767560642957687,0.2226717795132224,5.16904754135794e-06,0.45112284462719954,0.2862383139952809
ARQ350,350,300,3509,5.0759181031025944e-05,0.6817080223560333,0.6831345212459564,6.262338039277893e-06,0.0013269942179110217,0.2732453118677942,0.33409141356917305
ARQ400,400,300,4005,0.6824760907888412,0.6769781917333603,0.6745374989509583,0.6746912550926208,4.6981795592273556e-05,0.5417460036722745,0.27086474613849154
ARQ450,450,300,4510,0.6833337181806565,0.6746499788761139,0.6744446814060211,0.22964846932752836,0.6744539147615433,0.5873061525103727,0.17886146113457396
ARQ500,500,300,5006,0.674614285826683,0.6744347047805787,0.674668139219284,0.6829042857885361,0.6824071383476258,0.6778057107925416,0.003963882762069994
ARQ550,550,300,5502,0.6745128417015076,0.6822939103841782,0.6824739027023315,0.6825696504116059,0.6815449142456055,0.6806790438890458,0.0031040452919326765
ARQ600,600,300,6007,0.6746289116144181,0.6824449437856674,0.6744888293743133,0.680878147482872,0.6748539197444916,0.6774589504003525,0.003468946868566962
ARQ2,2,350,23,0.6193995450296973,0.5720071815527402,0.5855283202269138,0.6280326137685368,0.6812621329584693,0.6172459587072716,0.038135589615021254
ARQ4,4,350,45,0.34388004128749555,0.4322289125277446,0.5143560188957769,0.383870487793898,0.25671136748586965,0.386209365598157,0.08614677824742524
ARQ8,8,350,89,0.3130058442425524,0.4431080745580869,0.270324267892756,0.5167258218822316,0.4436752276542859,0.39736784724598256,0.09136726611838629
ARQ16,16,350,168,0.09447469119714876,0.25439932420212996,0.1649992185143324,0.030636178448987313,0.0667369109697831,0.12224926466647631,0.07941939649722043
ARQ64,64,350,642,0.6811710866088541,0.6811293811879606,0.21120093391045186,0.28991810101035653,0.21714957280688457,0.41611381510490153,0.21816966988649503
ARQ128,128,350,1283,0.6816676982447633,0.28657088771044664,0.6812077286915902,0.6811924113167657,0.681327862617297,0.6023933177161725,0.15791130777201368
ARQ256,256,350,2565,0.6819924768219646,0.6818690142060957,0.6815043927257897,0.6757899578819927,0.6812431231523172,0.680479792957632,0.0023598804570706044
ARQ300,300,350,3004,0.6814273020141145,0.221006633423366,0.6811654160165379,0.6774315080072126,0.6739190567252983,0.5869899832373059,0.18301233011910825
ARQ350,350,350,3509,0.004346198322218308,0.004438632370621012,0.6737968045422155,0.6741252347954318,0.6814332222327207,0.4076280184526415,0.3292518143065601
ARQ400,400,350,4005,0.6812462093483689,0.6808584368127024,0.6818068969962944,0.6818622004272591,0.6744917931719723,0.6800531073513194,0.002805311362197668
ARQ450,450,350,4510,0.6819582968695551,0.6750099495944814,0.0003052742998633319,0.6810240704789121,0.6740204722453387,0.5424636126976301,0.2710974621739717
ARQ500,500,350,5006,0.6815161995398693,0.6744248209855496,0.6816392877163031,0.6749337825000795,0.2208837377583,0.5866795657000203,0.18292400622726723
ARQ550,550,350,5502,0.6821154401852534,0.6810139203682924,0.6813992480946403,0.2570734610594355,0.681431276166541,0.5966066691748326,0.16976697486734665
ARQ600,600,350,6007,0.6739210995853456,0.6747929219506744,0.680925190448761,0.6744256126574981,0.677016069746425,0.676216178877741,0.0025812319541530606
ARQ2,2,400,23,0.6368398338556289,0.5892032325267792,0.5759268626570702,0.6812876099348069,0.5774583235383034,0.6121431725025177,0.041065262698296016
ARQ4,4,400,45,0.3698273533582687,0.5201211288571358,0.4722213959693909,0.34270529136061667,0.6069407653808594,0.46236318698525425,0.09717688284643188
ARQ8,8,400,89,0.2560620592534542,0.325252233594656,0.46421482026576993,0.32269538193941116,0.28312277972698213,0.3302694549560547,0.07176830295098494
ARQ16,16,400,168,0.10017028223723173,0.1264183709025383,0.06321587678045035,0.20509833365678787,0.2529155058413744,0.14956367388367653,0.06956587361362629
ARQ64,64,400,642,0.22143626171950018,0.30940987829468214,0.2239566980540985,0.6814457154273987,0.6809360361099244,0.42343691792112076,0.2128253389278153
ARQ128,128,400,1283,0.3035323050879379,0.30186515358132965,0.21074459139064858,0.0010093449251303355,0.3020016036665766,0.22383059973032463,0.11693845774189611
ARQ256,256,400,2565,0.6814836525917053,0.6813807833194733,0.00014729962358302372,0.0002582711825567685,0.681691820025444,0.40899236534855243,0.33377531123513526
ARQ300,300,400,3004,0.22368653433528438,0.012576815813736176,0.6814333081245423,0.6742085874080658,0.6741485452651977,0.45321075818936524,0.2816305093861692
ARQ350,350,400,3509,0.6740689468383789,0.6812427425384522,0.6743062514066697,0.674069966673851,0.6745502370595932,0.675647628903389,0.0028032165171352685
ARQ400,400,400,4005,0.23703090432147347,0.6740867936611176,0.6743145155906677,0.6814284634590149,0.6816579431295395,0.5897037240323625,0.17636701079486633
ARQ450,450,400,4510,0.001801002123602455,0.004831276615985012,0.6741383999586106,0.6772817194461822,0.6742129558324814,0.40645307079537235,0.32916327579320076
ARQ500,500,400,5006,0.6741315376758575,0.6748679059743882,0.6785888153314591,0.6814864641427993,0.6809384894371032,0.6780026425123215,0.0030302420599608937
ARQ550,550,400,5502,0.6816294366121292,0.6816278493404389,0.6816640430688858,0.6812896782159805,0.6815500462055206,0.6815522106885912,0.00013646942101732925
ARQ600,600,400,6007,0.6813550478219986,0.6741067028045654,0.6741207122802735,0.6740967953205108,0.6740876638889313,0.675553384423256,0.002900852421838188
ARQ2,2,450,23,0.6795441128511345,0.4675229843211385,0.6671160237979045,0.5334544300505545,0.6131574537901752,0.5921590009621814,0.08084059792390702
ARQ4,4,450,45,0.30116471226236463,0.51993232701732,0.4875695694864324,0.3181125739243178,0.3116925633059139,0.3876943491992697,0.09546435500504095
ARQ8,8,450,89,0.10404325850242008,0.17341640143267875,0.32717838276804023,0.31633348288261787,0.2654592365817686,0.23728615243350512,0.08597189083893807
ARQ16,16,450,168,0.17250514854635812,0.047530435734486155,0.07774597119572943,0.0666768617136816,0.03157568330654001,0.07920682009935906,0.049266277607056055
ARQ64,64,450,642,0.6807380730071954,0.2929867577215706,0.2967203670970486,0.2067541754346102,0.2132281298803622,0.33808550062815745,0.17549531973754648
ARQ128,128,450,1283,0.21335105259810666,0.00015132717676472334,0.29197828221158406,0.21255005772916905,0.29307243870435395,0.20222063168399568,0.10711962826978176
ARQ256,256,450,2565,0.673323982584793,0.6755792066059282,0.6732866088900946,0.20870480048421666,0.6741431344926885,0.5810075466115442,0.18615322777960125
ARQ300,300,450,3004,3.927763689624253e-05,0.6803927047062764,0.6810060122371775,0.6733309589656054,0.01424807240435673,0.4098034051900624,0.3288120606685122
ARQ350,350,450,3509,0.6733828329407008,4.458195894497483e-06,0.0006424105472292588,1.5869487023334364e-05,0.20835965997482556,0.17648104622913469,0.2612013790838196
ARQ400,400,450,4005,0.2062282006149554,0.6796022057533264,0.22386213107029265,0.6799254137857825,0.6803725435670498,0.49399809895828134,0.22783249987685547
ARQ450,450,450,4510,5.3799757414963984e-05,0.673440249092811,0.6750211198773004,0.674187763074858,0.6742047467062958,0.5393815357017361,0.2696643318477146
ARQ500,500,450,5006,0.6747073088072043,0.6739176981217039,0.6744512899787025,0.6809120093826699,0.6813934978130645,0.6770763608206691,0.0033415692755340734
ARQ550,550,450,5502,0.6813162254021231,0.6796646587616575,0.6806278787882982,0.252766715059662,0.681032801623893,0.5950816559271267,0.17115838266035358
ARQ600,600,450,6007,0.6751455996943786,0.6750440903469525,0.6750104606679056,0.00010311332900482343,0.6733939637125066,0.5397394455501496,0.26981894755298763
ARQ2,2,500,23,0.6023906660079956,0.4812357360124588,0.5105729547142982,0.6808935105800629,0.47111468136310575,0.5492415097355842,0.08047474865755305
ARQ4,4,500,45,0.41127789139747617,0.3217716646194458,0.3371416707336903,0.38742961645126345,0.23794401124119757,0.33911297088861464,0.060136576746668176
ARQ8,8,500,89,0.30371203646063805,0.2695109528303146,0.3173409074544907,0.4797065830230713,0.39469623297452927,0.3529933425486088,0.0754512147448522
ARQ16,16,500,168,0.028873879369348286,0.02443614900112152,0.3612291246652603,0.04538831187412143,0.045588555485010146,0.10110320407897233,0.13034295735872467
ARQ64,64,500,642,0.30765852703596464,0.6814841139316559,0.220323221370345,0.3063992781937122,0.21948133743324433,0.3470692955929844,0.17168796353630683
ARQ128,128,500,1283,0.6812790662050248,0.00010582151573544251,0.22032361010141358,2.3456829543420098e-05,0.6809416347742081,0.31653471788518506,0.3083485180121444
ARQ256,256,500,2565,0.6809876161813736,0.6820394366979599,0.6819413125514984,0.6747635442018509,6.1692331611684635e-06,0.5439476157731689,0.2719840721305014
ARQ300,300,500,3004,0.6806040394306183,0.6812397760152816,0.6811939334869385,2.300524549355032e-05,0.6756535178422928,0.543742854404125,0.27186794002169984
ARQ350,350,500,3509,0.6812588834762573,0.6747283959388732,0.6805458718538284,0.6806298196315765,0.6807713609933853,0.6795868663787841,0.0024417553796572213
ARQ400,400,500,4005,0.6810560101270675,0.6810041069984436,0.2218647723387326,0.6746466332674026,0.6747843110561371,0.5866711667575567,0.1824250621965348
ARQ450,450,500,4510,0.17537861397024243,0.6755887496471406,0.6817122781276703,0.6747912955284119,0.674769361615181,0.5764480597777293,0.20055154091946392
ARQ500,500,500,5006,0.6806229704618454,0.6747547316551209,0.6746825861930847,0.6746497678756714,0.6807986879348755,0.6771017488241197,0.0029475212843726173
ARQ550,550,500,5502,0.6819132578372955,0.6806599146127701,0.6810451638698578,0.6811347466707229,0.6814886754751206,0.6812483516931533,0.0004243360203715924
ARQ600,600,500,6007,0.674729134440422,0.6806283009052276,0.6751217555999756,0.6814372783899307,0.674707618355751,0.6773248175382613,0.003041911268318038
ARQ2,2,550,23,0.5058361730792306,0.3646983733231371,0.38637582876465537,0.5124534858898683,0.6799347812479193,0.48985972846096215,0.11248869513480317
ARQ4,4,550,45,0.40658608851107686,0.4018092553723942,0.5009760542349382,0.3136633492328904,0.3120096669955687,0.3870088828693737,0.07013598768412654
ARQ8,8,550,89,0.3114375400272283,0.3508921818299727,0.22904219261624598,0.3138544908978722,0.20716378119858828,0.2824780373139815,0.054829292316299474
ARQ16,16,550,168,0.052141631005162545,0.043309492770243777,0.1719537611712109,0.039908667365935714,0.027560548602857372,0.06697482018308207,0.05307864110215077
ARQ64,64,550,642,0.6803817082535136,0.21687604313179196,0.2088218325193421,0.6805258880962025,0.2200859009145378,0.4013382745830776,0.22792642658151263
ARQ128,128,550,1283,0.21179877713439055,0.6806824386119843,0.6809576912359758,5.842296012071364e-05,0.29009588611396875,0.372718643211288,0.2688681361005746
ARQ256,256,550,2565,0.6745752377943559,0.674530233036388,0.6799254715442657,0.21104306659437333,0.21976737855291928,0.4919682775044604,0.22583816323207115
ARQ300,300,550,3004,0.6746369264342568,0.6803007824854417,0.6804743121970783,0.6759835627945987,0.6803225826133381,0.6783436333049429,0.002513804863560594
ARQ350,350,550,3509,0.053847354273798165,0.6746667688543146,0.67497607848861,0.6745216651396317,0.6745921075344086,0.5505207948581526,0.24833676873337426
ARQ400,400,550,4005,0.12792171356197535,0.21680751701072493,0.6749571962790055,0.6802930951118469,0.6746044115586715,0.47491678670444487,0.24863496010203628
ARQ450,450,550,4510,0.6746774971485138,0.6745705761692741,0.6779840122569691,0.68021031238816,0.6745567771521481,0.676399835023013,0.0023125247363933728
ARQ500,500,550,5006,0.6745722337202592,0.678102005069906,0.6745325993407857,0.6745757471431385,0.6749331821094859,0.675343153476715,0.0013870520101409074
ARQ550,550,550,5502,0.6805882881988179,0.6802223574031483,0.6797278908166018,0.6804802862080661,0.6800176674669439,0.6802072980187156,0.00031167093721505833
ARQ600,600,550,6007,0.6810768967325037,0.6746283357793634,0.6746654477986422,0.6745443853464994,0.6746004489335147,0.6759031029181046,0.0025871986676564663
ARQ2,2,600,23,0.2401723124086857,0.7016206175088883,0.6123074942827225,0.5706611120700836,0.5183462566137313,0.5286215585768222,0.15621004047734205
ARQ4,4,600,45,0.48091904282569886,0.5846954369544983,0.5292755326628685,0.32321388930082323,0.3024357655644417,0.4441079334616661,0.11230298031211614
ARQ8,8,600,89,0.589868366420269,0.4944241836667061,0.19859023198485373,0.351500988304615,0.23375887751579286,0.37362852957844733,0.14969489661267985
ARQ16,16,600,168,0.07639470092952251,0.07109062615782022,0.08245085120201111,0.12310807839035988,0.3183464799076319,0.13427814731746912,0.0938457738217826
ARQ64,64,600,642,0.21968951926464797,0.2989582193107344,0.6800821989774704,0.29664750285446645,0.21274869366985513,0.34162522681543483,0.1731323590544199
ARQ128,128,600,1283,3.264483693101283e-05,0.21706267772897264,0.21367132109433443,0.6803368604183198,0.2237172861192994,0.26696415803957146,0.22330696359509694
ARQ256,256,600,2565,0.6799567466974259,9.789558154125189e-06,0.6744634640216828,9.30464394059527e-05,0.6812094622850418,0.40714650180034206,0.3323994922674661
ARQ300,300,600,3004,0.6805396431684494,0.6800726562738418,0.6807860535383224,0.6804995942115784,2.7256981814076652e-05,0.5443850408348012,0.27217898870743423
ARQ350,350,600,3509,0.674720230102539,0.6744469743967056,0.6755721604824066,1.6420509908276483e-05,0.674544603228569,0.5398600777440257,0.2699221215487362
ARQ400,400,600,4005,0.6745253139734269,0.6803265756368637,0.6803744715452195,0.6807511448860168,0.21807207769584694,0.5868099167474747,0.18438342149308484
ARQ450,450,600,4510,0.000285635002981435,0.6744231301546096,0.6745515930652618,0.6744896000623704,0.6803038030862808,0.5408107522743009,0.270271947486326
ARQ500,500,600,5006,0.6743971145153046,0.6744882524013519,0.6744182258844376,0.6745425707101822,0.6797454214096069,0.6755183169841765,0.0021141816886647226
ARQ550,550,600,5502,0.6811165142059327,0.6802178239822387,0.6810280388593674,0.6806592029333115,0.6808740818500518,0.6807791323661804,0.0003207012701515736
ARQ600,600,600,6007,0.2593489076541755,0.6805164551734925,0.6744971078634262,0.6744459396600724,0.6804214096069336,0.59384596399162,0.16727003653326472
ARQ2,2,650,23,0.49938703813684093,0.36369476733951395,0.6440060833178529,0.5940989851951599,0.3776373223427239,0.49576483926641834,0.11229853531675676
ARQ4,4,650,45,0.6784802680715508,0.3035821157311081,0.3799299206755577,0.48303156571650724,0.17619560645260943,0.4042438953294667,0.16978991161714777
ARQ8,8,650,89,0.18179310885591243,0.4016561510912869,0.26030118079907305,0.16595929245883173,0.10462812033541706,0.22286757070810426,0.10224760419105709
ARQ16,16,650,168,0.025487068519338008,0.15137084511988755,0.037743689492344856,0.3382223155520378,0.07225527908277074,0.1250158395532758,0.1152889143909095
ARQ64,64,650,642,0.21287765571155473,0.2832587291614725,0.6796128596734563,0.679645701285896,0.2882118832080736,0.42872136580809067,0.20659156051393823
ARQ128,128,650,1283,0.6799501372039864,0.20361996810704658,0.2064983524508309,0.2106943246897472,0.28810286125458706,0.31777312874123964,0.1838104460742688
ARQ256,256,650,2565,0.6745485335315039,0.680752565007691,0.20628825318292332,0.6799318795904107,0.6789182829200675,0.5840879028465192,0.1889119513231345
ARQ300,300,650,3004,0.6796716003242983,0.6800519222513252,0.6811273201889948,0.6797942737920568,0.6796523075584971,0.6800594848230345,0.0005526145422181053
ARQ350,350,650,3509,0.6734066539948139,5.227208446623981e-06,0.6769506379005013,0.6733447378928509,0.6776022517353023,0.540261901746383,0.27013404933009183
ARQ400,400,650,4005,0.6794752412979755,0.6794901041809572,0.6810412051480844,0.6746137541368467,0.6746245070334969,0.6778489623594721,0.002697859450692277
ARQ450,450,650,4510,0.007392529382182439,1.553657802191116e-05,0.006065652470161536,0.6734105556383045,0.6790479968447204,0.2731864541826782,0.3290973128396327
ARQ500,500,650,5006,0.6733026515453233,0.6799682209251123,0.6747236754916129,0.6746003775421633,0.0001564630767412,0.5405502777161906,0.270206573006804
ARQ550,550,650,5502,0.6793748987924069,0.6799737991542991,0.6810173780546276,0.6745845817644661,0.6789721447393435,0.6787845605010288,0.0022101253961891404
ARQ600,600,650,6007,0.6733876319106565,0.6746472836634435,0.6792908179650613,0.6799394307880227,0.6746859189567216,0.6763902166567811,0.002682102538172408
ARQ2,2,700,23,0.4372524446249008,0.3542970526218414,0.3174151673913002,0.4410190412402153,0.49077072262763977,0.4081508857011795,0.06306577478891531
ARQ4,4,700,45,0.3723428463935852,0.2933105097711086,0.2778811560571194,0.4147487565875053,0.32067243456840516,0.3357911406755447,0.05090594836813902
ARQ8,8,700,89,0.3239313146471977,0.291937333792448,0.13572249948978424,0.2103305260837078,0.325153768658638,0.2574150885343552,0.0737980552433116
ARQ16,16,700,168,0.1560671617090702,0.08057883940637112,0.1604302081465721,0.17654793985188008,0.050569929480552674,0.12483881571888925,0.04978072577432449
ARQ64,64,700,642,0.3010183546826011,0.21041299984266515,0.29860850337776357,0.6791424238681794,0.6787260484695434,0.4335816660481505,0.20297334492553187
ARQ128,128,700,1283,0.2117233738797586,0.6797912693023682,0.00030494866285152967,0.6804179096221924,0.21131560502473803,0.35671062129838177,0.27508308918821506
ARQ256,256,700,2565,5.92835439101691e-05,0.6742288553714753,0.6742195987701416,1.7978702488790076e-05,0.679864273071289,0.405677997891861,0.3312095592068808
ARQ300,300,700,3004,0.6800167208909988,0.21008907953250286,0.6797321116924286,0.6805599498748779,0.6793813520669937,0.5859558428115604,0.1879337776883398
ARQ350,350,700,3509,0.6742298448085785,0.679424415230751,0.6743373209238053,0.6796976840496063,0.6758657950162887,0.676711012005806,0.0023994898929187614
ARQ400,400,700,4005,0.6742098844051361,0.6742184752225876,0.67427894115448,0.23621461820928744,0.6797498071193695,0.5877343452221722,0.17577283886389675
ARQ450,450,700,4510,0.674190507531166,0.6795695322751999,0.6743591570854187,0.6758655416965484,0.6742118561267852,0.6756393189430236,0.0020626813884440246
ARQ500,500,700,5006,0.6799592465162277,0.6795269364118576,0.2696369112711545,0.21590833245405178,0.6805770540237427,0.5051216961354068,0.21488014943462022
ARQ550,550,700,5502,0.6742777061462403,0.6795720112323761,0.6800175058841705,0.6792671942710876,0.6798684746026993,0.6786005784273147,0.0021767189651375266
ARQ600,600,700,6007,0.6742259240150452,0.6742153614759445,0.6742705899477005,0.6742775857448577,0.6799934273958206,0.6753965777158737,0.002298552603619827
ARQ2,2,750,23,0.5851038639192228,0.560799176770228,0.6776255910043363,0.4734560367133882,0.6778358187940385,0.5949640974402428,0.07710942815177177
ARQ4,4,750,45,0.3251899908538218,0.680804133967117,0.36959669435465775,0.3086514715795164,0.19220772123447172,0.37529000239791693,0.16360997828208532
ARQ8,8,750,89,0.1240041543626123,0.35581568462981117,0.3896539205754245,0.31538980261043265,0.20408596843481064,0.2777899061226182,0.0990935516894252
ARQ16,16,750,168,0.026368962756047647,0.039934018040420835,0.04083662098963504,0.012005413399526366,0.0591070163063705,0.03565040629840007,0.015752394033058222
ARQ64,64,750,642,0.21675699119805358,0.20664438703412694,0.2074619692618769,0.22009126497195447,0.6780829269576956,0.3058075078847415,0.18621032515467476
ARQ128,128,750,1283,0.21149500349063735,0.6785632603698306,0.67870743351954,0.20366323026319919,0.6786298624895237,0.4902117580265461,0.23078187893607485
ARQ256,256,750,2565,0.130168896844456,0.20592355128641626,1.0046576257928387e-05,0.6790032375741888,9.359267588559271e-05,0.2030398649914409,0.25070617156270886
ARQ300,300,750,3004,0.21250714700278658,0.6728720168272654,0.6728545769497201,0.6784731883693624,0.6760192883235437,0.5825452434945356,0.18503105804683828
ARQ350,350,750,3509,0.6803749038113488,6.040421494283258e-06,0.6769129253096051,0.6728682683573829,0.6760133576613886,0.5412350991122439,0.27062509934138806
ARQ400,400,750,4005,0.6783139175838895,0.6806089828411738,0.6760115800080476,0.6809689352909724,0.6787359824887028,0.6789278796425572,0.0017838494112288686
ARQ450,450,750,4510,0.6811319462679051,0.21371197176215564,0.6728505034137655,0.6729088127613068,1.9386214661276246e-05,0.44812452408395875,0.2867297195219268
ARQ500,500,750,5006,0.6784928728032995,0.6803422995187618,0.6780679115542659,0.6804753696476972,0.6729806236646794,0.6780718154377408,0.002721386007822286
ARQ550,550,750,5502,0.6783496036573693,0.6771228479014503,0.6778749569698617,0.6778994599978129,0.6806030968825022,0.6783699930817992,0.0011839764819841854
ARQ600,600,750,6007,0.6782455229096942,0.6732928245155899,0.6761268498720946,0.6782766299115287,0.24402258583432335,0.5899928826086461,0.17299476029423516
ARQ2,2,800,23,0.6254256290197372,0.6020023196935653,0.6535666066408158,0.7021434736251831,0.6813517206907272,0.6528979499340057,0.03627748439369556
ARQ4,4,800,45,0.50072634100914,0.5497647365927696,0.2715367372334003,0.2898174957931042,0.5647474133968353,0.4353185448050499,0.12815847876668204
ARQ8,8,800,89,0.3291336587071419,0.35464242100715637,0.29611447095870974,0.14800261840224266,0.404130611717701,0.30640475615859036,0.08670749146543234
ARQ16,16,800,168,0.06333245869725943,0.0308433398604393,0.12557598985731602,0.3154290322959423,0.17152360670268535,0.1413408854827285,0.09976094796389483
ARQ64,64,800,642,0.2946853716671467,0.3229400607943535,0.21358796379237902,0.2208698881417513,0.6803187501430511,0.34648040690773635,0.17211816687766576
ARQ128,128,800,1283,0.20920622451360033,0.6790205073356629,5.498257781255234e-05,0.21111886508762837,0.6797234249114991,0.35582480088524066,0.27509080745270303
ARQ256,256,800,2565,0.22246360890988398,0.6799704134464264,0.6802064526081085,0.679181689620018,0.13275899476827363,0.4789162318705421,0.24764473387617655
ARQ300,300,800,3004,0.22701394497131788,0.6796569687128067,0.6800608575344086,0.6795017182826996,0.6789489489793777,0.589036487696122,0.18101162259047385
ARQ350,350,800,3509,0.6798096507787704,2.75821064315096e-05,1.0658628501118983e-05,0.6745772290229798,0.21457449797033745,0.3137999237014041,0.3068829922582357
ARQ400,400,800,4005,0.6747557085752487,0.679573729634285,0.6796958756446838,0.6746085017919541,0.679452137351036,0.6776171905994415,0.0023981782172493456
ARQ450,450,800,4510,0.27083295106313016,0.676574034690857,0.2168840285482031,0.21634388193488122,0.6747566640377045,0.4110783120549552,0.2169405132025443
ARQ500,500,800,5006,0.6746719050407409,0.6746405911445618,0.6792760503292083,0.6796701216697693,0.6745649635791778,0.6765647263526916,0.00237818745053595
ARQ550,550,800,5502,0.6799405151605606,0.6793788707256317,0.6793283730745315,0.679457460641861,0.6798472672700882,0.6795904973745346,0.00025283867948380876
ARQ600,600,800,6007,0.6746073973178863,0.6794874382019043,0.6746197831630707,0.6745872569084167,0.6746213203668594,0.6755846391916275,0.001951437599682259
ARQ2,2,850,23,0.6937850474197174,0.6931704137926904,0.6731150662787607,0.5217997827262522,0.6797354739403056,0.6523211568315453,0.06573838538929613
ARQ4,4,850,45,0.6784372881194142,0.5396708782031158,0.5443540925734511,0.33618258009447116,0.4073965167887857,0.5012082711558477,0.11898334544654163
ARQ8,8,850,89,0.33412440190805454,0.1766939406222272,0.19630167083205463,0.5528972449703752,0.22850202441772569,0.29770385655008746,0.13868296089234422
ARQ16,16,850,168,0.06351123064338604,0.02649621832593579,0.05188135729632645,0.021837088349057693,0.24494279652973203,0.0817337382288876,0.08306529168473527
ARQ64,64,850,642,0.2036851215903948,0.2069896867398252,0.21066854041201394,0.28408552650536334,0.6785858156525086,0.31680293818002114,0.1833446920259278
ARQ128,128,850,1283,0.6786996933901421,4.391029768446749e-05,0.21226910159388115,0.6789120820081123,0.6784585719910737,0.4496766718561787,0.2884002601156837
ARQ256,256,850,2565,0.6783408890260714,2.786479255570225e-05,0.6804256934985936,0.6793909267844441,0.20659963255463915,0.44895700133126076,0.2896787811425334
ARQ300,300,850,3004,0.678561415627738,0.678942575075916,0.6787106979673154,0.6790689151977825,0.6785439837758787,0.6787655175289261,0.0002083936153324497
ARQ350,350,850,3509,0.676195513422244,0.6803955084809633,5.020031321309434e-06,0.6734303547957233,3.981747570063055e-05,0.40601324284119056,0.331497540833192
ARQ400,400,850,4005,0.0010019276085285484,0.21610172524970464,0.21013106411578944,0.6789822127217444,0.6747925248101493,0.3562018909011832,0.2730636866906859
ARQ450,450,850,4510,0.21035020162232804,0.6778063991359461,0.6736183840537739,0.6761164013470444,0.6733821613766323,0.582254709507145,0.18595947896351123
ARQ500,500,850,5006,0.6761635580909586,0.679465826426711,0.2159161888893938,0.674821331679264,0.6747232229910164,0.5842180256154689,0.1841589081522023
ARQ550,550,850,5502,0.6793321955983884,0.6807276517431312,0.6747724040646419,0.6793552185887488,0.678805953988405,0.6785986847966632,0.0020162473306641303
ARQ600,600,850,6007,0.6733587918994582,0.6760743349512047,0.6748265897002176,0.028641715845980933,0.6733874578342259,0.5452577780462176,0.2583100032248035
ARQ2,2,900,23,0.40492054432630536,0.4026636272668839,0.44351796090602874,0.6789810883998871,0.5914444622397422,0.5043055366277694,0.11136276266249648
ARQ4,4,900,45,0.164665197879076,0.6133371549844742,0.4959089434146881,0.24913524329662323,0.23639934077858926,0.3518891760706901,0.17207314132667528
ARQ8,8,900,89,0.45500865280628205,0.45709641367197035,0.2311059418320656,0.17349480137228965,0.4376958101987839,0.35088032397627833,0.12286010049706196
ARQ16,16,900,168,0.0394557879306376,0.34258951783180236,0.10358260698616505,0.1526387183368206,0.048540264889597895,0.1373613791950047,0.11042435109956032
ARQ64,64,900,642,0.2064378595352173,0.2929192346731725,0.6791580933332443,0.6783464950323105,0.6795422428846359,0.5072807850917161,0.21210216227186823
ARQ128,128,900,1283,0.2912014143913984,4.3684318607120074e-05,0.20565831288695335,0.2089020113274455,0.6793530791997909,0.27703170042483904,0.22294458892957206
ARQ256,256,900,2565,0.679294593334198,0.2101747576502339,0.6797143983840942,0.6792789834737778,4.1331861311846296e-05,0.44970081294072317,0.2890993151001276
ARQ300,300,900,3004,0.6790362679958344,0.6797564196586608,0.20940605984775174,0.6792027401924133,0.6789935404062271,0.5852790056201774,0.18793666982331
ARQ350,350,900,3509,0.6744681990146637,0.6744272077083587,0.6745948123931885,0.6743833392858505,0.6744577896595001,0.6744662696123124,7.071371874829627e-05
ARQ400,400,900,4005,0.6743994122743606,0.6745287358760834,0.21884795478580826,2.8045554058735435e-05,0.02623101816046983,0.31880703333015614,0.30006547775741643
ARQ450,450,900,4510,0.08466302881017328,2.282612203998724e-05,0.674410628080368,0.00011476730420440618,0.6743792843818665,0.28671810693973043,0.31804043528316317
ARQ500,500,900,5006,0.679072979092598,0.674411928653717,0.6743917155265808,0.6789109474420547,0.6767523324489594,0.6767079806327819,0.0020535426118812737
ARQ550,550,900,5502,0.6788132584095001,0.21590638893597625,0.674389009475708,0.67941619515419,0.6799221062660217,0.5856893916482793,0.18490195459101294
ARQ600,600,900,6007,0.6744776809215546,0.6745372116565704,0.2104732597991824,0.6791224509477616,0.6744767844676971,0.5826174775585533,0.18608073271833184
ARQ2,2,950,23,0.6780866901829558,0.6785185668828353,0.5587228845875218,0.5145420249340669,0.3837243549104007,0.5627189042995561,0.11053987195939927
ARQ4,4,950,45,0.5460013078068787,0.3950652232709921,0.36314858524304516,0.46868754810882063,0.5691501832795594,0.46841056954185917,0.08078179784552399
ARQ8,8,950,89,0.45419822099073875,0.1441704309633318,0.3287029634669142,0.2310568687488448,0.4392677624270601,0.319479249319378,0.1192772109688746
ARQ16,16,950,168,0.15038762157255747,0.015826273006650637,0.02095924302900456,0.0357540729192068,0.020357350722166163,0.048656912249917125,0.05130594004233278
ARQ64,64,950,642,0.6782620071240191,0.20637263457910246,0.20562185223677243,0.28393425328551597,0.20523856293831794,0.3158858620327456,0.18370166002148117
ARQ128,128,950,1283,0.206371399519455,0.21514198728749212,0.0001272498321788658,0.12440138857915803,7.030945757047632e-05,0.1092224669351709,0.0945549781164056
ARQ256,256,950,2565,2.1105935315800998e-05,6.661269069912312e-05,0.6743652404479261,0.20462430797738307,7.52932769200753e-06,0.17581695927580324,0.2615651253642453
ARQ300,300,950,3004,1.0302333354082052e-05,0.20958752891567442,0.6740082755403699,0.67872760936899,0.20802018192774702,0.35407077961722705,0.27398068063104825
ARQ350,350,950,3509,0.6736503339038705,0.6787496546529374,0.6782488890413968,0.6740017077832852,0.2204441246567169,0.5850189420076414,0.18229949160538977
ARQ400,400,950,4005,0.00039950162501272666,0.6746683058873663,0.6746761028496724,5.1713682090471504e-05,0.6788524631059395,0.4057296174300163,0.33109617435623384
ARQ450,450,950,4510,0.6743273228969214,0.2102069211914943,0.032089496525384384,2.1680341863318388e-05,0.6746512375912577,0.31825933170938425,0.29954742718385086
ARQ500,500,950,5006,0.6793366732462397,0.001461087511347185,4.8945336672813766e-05,0.21999212430078718,0.674082208916826,0.3149842078623746,0.30600933185403106
ARQ550,550,950,5502,0.6789460227174579,0.6784631323139623,0.673711988723503,0.6789141955240717,0.6786990817987694,0.677746884215553,0.0020248763935346555
ARQ600,600,950,6007,0.6740006602035379,0.6788273695504891,0.6787791150920796,0.6782481867187428,0.6743617996854602,0.6768434262500619,0.0021861410516339835
ARQ2,2,1000,23,0.4664721029996872,0.31942181318998336,0.6258235281705856,0.5151470246911048,0.2949347512423992,0.444359844058752,0.12358496308963214
ARQ4,4,1000,45,0.5039938074350357,0.5668181309103966,0.32345478996634486,0.5410487508773804,0.5100349795818329,0.4890700917541981,0.08583380522207697
ARQ8,8,1000,89,0.19505215018987657,0.5753471902012826,0.32668583855032923,0.29338852018117906,0.15338938556611537,0.30877261693775654,0.14744209046336568
ARQ16,16,1000,168,0.04878035366535187,0.08605569452047349,0.028741254806518554,0.03590850191190839,0.23044640600681304,0.08598644218221307,0.07488363044913111
ARQ64,64,1000,642,0.20645324409008026,0.6792281353473664,0.21017515160056063,0.293456911817193,0.6784549641609192,0.4135536814032239,0.2188297313758709
ARQ128,128,1000,1283,1.8538495587563376e-05,0.2891099632531404,0.6786642020940781,0.20440719854086636,0.6785180526971817,0.37014359101617084,0.26881492934711365
ARQ256,256,1000,2565,0.21106225209553714,2.443558048980776e-05,0.6784563004970551,1.8321217439734027e-05,0.6789359444379807,0.3136994507657005,0.3078205699666405
ARQ300,300,1000,3004,0.6788165020942688,0.0029335057387152117,0.6792403692007065,0.6787131381034851,0.6788694453239441,0.543714592092224,0.2703906017161034
ARQ350,350,1000,3509,0.6742655378580094,0.6742989933490753,0.6742488050460815,0.674452406167984,0.6743407410383224,0.6743212966918944,7.270392382571661e-05
ARQ400,400,1000,4005,0.6743096697330475,0.20974211283028127,0.17139319963753225,0.6742672920227051,0.6786378967761993,0.4816700341999531,0.23799856313580062
ARQ450,450,1000,4510,0.6786288833618164,0.6743075722455978,3.1568301158131365e-05,0.0003688624624919612,0.6742999982833863,0.4055273769308901,0.33095202699468856
ARQ500,500,1000,5006,0.6742722976207733,0.6742796337604523,0.6781375032663345,0.6794109016656875,0.21675668086856603,0.5845714034363627,0.183918804152686
ARQ550,550,1000,5502,0.6743878525495529,0.21927617803113975,0.22104228425770997,0.6786437070369721,0.6790293234586716,0.4944758690668093,0.22398521697600993
ARQ600,600,1000,6007,0.6742782384157181,0.6743110066652298,0.6742664963006973,0.6789009809494019,0.6742540240287781,0.675202149271965,0.0018495129171352325
ARQ2,2,1050,23,0.6776979225022453,0.455515205008643,0.6199505269527436,0.5291704393568493,0.4163242910589491,0.5397316769758861,0.09788062687350976
ARQ4,4,1050,45,0.5360022454034714,0.582365913334347,0.13663382225093387,0.44596183470317297,0.5639787651243664,0.4529885161632583,0.16497168976420395
ARQ8,8,1050,89,0.17784541050593058,0.3178754622027988,0.16259012137140547,0.1849375619774773,0.1752421205952054,0.20369813533056352,0.05754371912097658
ARQ16,16,1050,168,0.015111523999699525,0.07653343673972857,0.010873638572437422,0.045401844382286075,0.08132495764820348,0.04584908026847101,0.029557897472802252
ARQ64,64,1050,642,0.2021980683100299,0.2013613862650735,0.2869317812933808,0.20766759404823892,0.28731847064835686,0.23709546011301602,0.04090662778957275
ARQ128,128,1050,1283,0.284847614027205,0.6785070459047954,0.6784855853943598,0.6785540716988699,0.20484532633178917,0.5050479286714039,0.21395459743136433
ARQ256,256,1050,2565,0.6742375697408404,4.0118763423552515e-05,0.2212462502576056,0.20489721707684766,2.766928346318309e-05,0.22008976502443606,0.24630531959398258
ARQ300,300,1050,3004,0.6742155199959164,0.6786356897581192,0.6742699435779027,3.507416994623435e-06,0.21080272020328614,0.4475854761904438,0.2872375038199801
ARQ350,350,1050,3509,1.9719367427924117e-05,0.6785739103953043,2.2470945768440116e-05,0.6750558518228077,0.6742324687185741,0.4055808842499765,0.33114139257198477
ARQ400,400,1050,4005,0.0002612470553902399,0.6755592737879071,0.6785037625403632,0.6742323432649885,0.6743157227834066,0.5405744698864111,0.2701610318550517
ARQ450,450,1050,4510,0.6742798345429557,0.6742112199465434,0.6742077339263189,0.6742166070711045,2.70004919305696e-05,0.5393884791957706,0.26968074065198333
ARQ500,500,1050,5006,0.6742350379625957,0.6780105670293172,0.6742857109932673,0.6741908890860421,0.678695471513839,0.6758835353170122,0.0020281462689097406
ARQ550,550,1050,5502,0.6787956970078605,0.6784671755064101,0.674224371001834,0.6776554987544106,0.6782660665966216,0.6774817617734273,0.001670531607515672
ARQ600,600,1050,6007,0.6742940783500672,0.6786302623294649,0.6742137767019726,0.6742802710760207,0.6742918150765556,0.6751420407068162,0.001744358611569249
ARQ2,2,1100,23,0.3013594299554825,0.44636309921741485,0.6790239971876144,0.4090713983774185,0.5476992323994636,0.47670343142747884,0.12822960780605075
ARQ4,4,1100,45,0.4082918703556061,0.6618163603544235,0.39376412391662596,0.35602733284235,0.567812285721302,0.4775423946380615,0.11720570948439307
ARQ8,8,1100,89,0.21960703343152999,0.2695528417825699,0.18022446483373641,0.23759691700339317,0.3692381253838539,0.2552438764870167,0.06388857042721459
ARQ16,16,1100,168,0.06574393764138221,0.21468312785029411,0.25459748730063436,0.013810107242316008,0.2879825907945633,0.167363450165838,0.10798431429212746
ARQ64,64,1100,642,0.29146647565066813,0.28925238102674483,0.6783322530984879,0.6788928955793381,0.20719840921461583,0.42902848291397094,0.20603584185446075
ARQ128,128,1100,1283,0.6790219581127167,0.6788179731369018,0.6789708143472671,0.6787307494878769,0.20907952584326267,0.5849242041856051,0.18792236812296317
ARQ256,256,1100,2565,0.6780538785457612,0.21090016800910236,0.6782636320590973,0.6789971226453781,0.00016898938843951328,0.4492767581295557,0.2884671876634553
ARQ300,300,1100,3004,0.6782604897022247,7.782564944136539e-05,0.6783016335964203,0.6779096865653992,0.6791305160522461,0.5427360303131463,0.27132939835547903
ARQ350,350,1100,3509,0.6745019215345383,0.6745050340890885,0.6745517039299012,0.674541300535202,2.548631083300279e-05,0.5396250892799126,0.2697998021924944
ARQ400,400,1100,4005,0.6745249617099762,0.0035408613014442382,0.21387611189957398,0.6747275692224503,0.0007737965020987758,0.31348866012710874,0.30483492063682394
ARQ450,450,1100,4510,0.6745941841602325,0.6745854377746582,0.6744991791248321,0.67452652156353,0.6745510977506638,0.6745512840747833,3.5595041891687284e-05
ARQ500,500,1100,5006,0.6780815589427948,0.6796970844268799,0.6745481550693512,0.6745657050609588,0.6745587939023971,0.6762902594804764,0.002182759663927863
ARQ550,550,1100,5502,0.6745363390445709,0.6785421657562256,0.6782755225896835,0.21122770043211972,0.6788600301742553,0.5842883515993711,0.18653692442494643
ARQ600,600,1100,6007,0.6745858931541443,0.6745488524436951,0.6747233885526657,0.6746486365795136,0.6785115694999695,0.6754036680459976,0.0015550800390793397
ARQ2,2,1150,23,0.4019047826528549,0.5661087759903499,0.54022233911923,0.4562909035455613,0.6126834103039333,0.5154420423223859,0.07619269152445589
ARQ4,4,1150,45,0.6493128555161612,0.26890992465473357,0.3991696709678287,0.47358923298971994,0.33743330382165454,0.4256829975900196,0.13067064098916445
ARQ8,8,1150,89,0.21361604645138696,0.2152019513504846,0.22281579673290253,0.3231721886566707,0.16482530732949574,0.22792625810418815,0.051858122277645566
ARQ16,16,1150,168,0.02661993487605027,0.052258256255161194,0.06184410115792638,0.06968435747992424,0.060326061113959266,0.05414654217660427,0.014833356371153354
ARQ64,64,1150,642,0.21268384864642506,0.2832948362543469,0.21336282981958773,0.21115967867302798,0.22330872771285828,0.22876198422124921,0.02760091128159218
ARQ128,128,1150,1283,0.6785949644588288,0.6785397086824689,0.6778951667603992,0.28581737492765696,0.6794347638175601,0.6000563957293827,0.15712027175418875
ARQ256,256,1150,2565,0.20796065671103342,4.1162411720766357e-05,0.6780482104846409,0.6777886538278489,0.6741812592460996,0.4476039885362687,0.28815557915264994
ARQ300,300,1150,3004,0.6786203066507975,0.2107577603243044,0.6788878866604396,0.677728853906904,0.6791804904029483,0.5850350595890788,0.18713927968761
ARQ350,350,1150,3509,4.5601111742143986e-05,0.6752180457115173,0.6738487930524917,0.6744665293466477,0.6746135592460633,0.5396385056936924,0.26979680377024096
ARQ400,400,1150,4005,4.408552994000728e-05,1.2237760203214792e-06,0.6763680372919355,0.6746805429458618,0.00030842636986649484,0.2702804631827248,0.33088064617936896
ARQ450,450,1150,4510,0.6746969722566151,0.6741444400378636,9.389986144417625e-05,3.925186236821381e-05,0.6738986259415036,0.4045746379919589,0.33027955137377923
ARQ500,500,1150,5006,0.22985945265491603,0.6746340728941418,0.6746626984505426,0.6740446238290696,0.6780908306439718,0.5862583356945283,0.1782051658200938
ARQ550,550,1150,5502,0.6791143315179008,0.6775474667549133,0.6783769669986907,0.6781847562108722,0.6786576168877738,0.6783762276740302,0.0005191307547830598
ARQ600,600,1150,6007,0.6746458155768258,0.6743465355464391,0.6744558464913141,0.6785002663021996,0.6743613895915803,0.6752619707016718,0.0016226589066150804
ARQ2,2,1200,23,0.40302212566137313,0.5868730521202088,0.6518758147954941,0.5725745534896851,0.6159582495689392,0.56606075912714,0.08591991665587634
ARQ4,4,1200,45,0.378368828445673,0.3941482974588871,0.47190161734819414,0.3709175357222557,0.4909614670276642,0.42125954920053477,0.050063816542428786
ARQ8,8,1200,89,0.10406698055565357,0.21957772329449654,0.29786830365657807,0.16583375066518782,0.5710917836427689,0.27168770836293693,0.16269323474493588
ARQ16,16,1200,168,0.3116211396455765,0.0586238357424736,0.014094980908557772,0.03368420032784343,0.03143132735043764,0.08989109679497778,0.11177089473892327
ARQ64,64,1200,642,0.6782072043418884,0.6784790182113647,0.2882754164934158,0.28823064871132376,0.2107834492623806,0.42879514740407465,0.20570934985159825
ARQ128,128,1200,1283,3.454314773080114e-05,0.00023318559557083062,0.6784356909990311,0.6780760979652405,0.2096397514268756,0.3132838538268897,0.3076612413213703
ARQ256,256,1200,2565,0.20972260065376758,5.0312239727645645e-06,0.21025984704494477,6.95786623418826e-05,0.6788508099317551,0.21978157350335642,0.24799657225767868
ARQ300,300,1200,3004,0.2102408065274358,0.678028599023819,0.6743745934963227,0.6786180621385575,0.678239803314209,0.5839003729000688,0.18683604998662912
ARQ350,350,1200,3509,0.00200539349054452,0.6785852134227752,0.6743927550315857,0.6745157939195633,7.120896149899636e-05,0.40591407296519355,0.33058369278591776
ARQ400,400,1200,4005,4.624926439646515e-05,0.6743868166208267,0.6783630931377411,0.674476592540741,0.6743811559677124,0.5403307815062836,0.27014659609039376
ARQ450,450,1200,4510,0.007075416323496029,0.0003114052040837123,0.674362667798996,0.6744740974903106,0.6744501978158951,0.4061347569265563,0.3285989469887678
ARQ500,500,1200,5006,0.6743701714277267,0.674369146823883,0.6744990307092666,5.6318324768653836e-05,0.6743987411260605,0.5395386816823411,0.26974118587036333
ARQ550,550,1200,5502,0.6789923250675202,0.6789347738027572,0.6780466210842132,0.6783403271436691,0.6793792259693145,0.6787386546134948,0.000479732899936376
ARQ600,600,1200,6007,0.674495798945427,0.6745893973112106,0.6745060181617737,0.6744598430395127,0.6746118313074112,0.6745325777530671,5.80655133461172e-05
ARQ2,2,1250,23,0.5629646556718009,0.28229758058275495,0.6189462769599188,0.3675693131628491,0.346825730516797,0.4357207113788242,0.13103298592817497
ARQ4,4,1250,45,0.4518257141113281,0.537461031902404,0.4975202452568781,0.32543721681549437,0.23133601972035,0.40871604556129093,0.11377076759752108
ARQ8,8,1250,89,0.22578053985323224,0.41242298824446544,0.41900706319581893,0.4291319631394886,0.34835515107427323,0.36693954110145566,0.0760511819317664
ARQ16,16,1250,168,0.014245742621521154,0.07355780683103062,0.02627959982270286,0.040393807437448276,0.033441759716896786,0.03758374328591994,0.019958114494199573
ARQ64,64,1250,642,0.20685861486764182,0.28504659178711117,0.2836381925003869,0.6778433708917527,0.6777442455291748,0.4262262031152135,0.2073440073785796
ARQ128,128,1250,1283,0.006017979991572377,0.20277495914346044,0.678273674419948,0.6781679181825547,0.6783008864947728,0.44870708364646167,0.2879314713083791
ARQ256,256,1250,2565,0.00043550380810518705,0.6787914758636838,8.070045350905274e-06,0.00010818276881374394,0.678174835159665,0.2715036135291237,0.3322974918305529
ARQ300,300,1250,3004,6.302935513044109e-06,5.61218706544813e-06,0.677170715445564,0.6733395258585612,0.6798615149089269,0.40607673426712604,0.3315618807706045
ARQ350,350,1250,3509,0.6746796511468434,0.6767956171716962,0.6789812740825472,0.673084933417184,8.82153139866118e-06,0.5407100594699339,0.27035790917239305
ARQ400,400,1250,4005,0.6786788333029974,0.6746888938404265,0.6746439984866551,0.008120314221430038,0.6796365715208508,0.5431537222744719,0.26752441596527154
ARQ450,450,1250,4510,0.6746247132619222,0.6746776609193711,0.6771516067641122,0.6732567633901324,0.6730978920346214,0.6745617272740319,0.0014540032987825598
ARQ500,500,1250,5006,0.2135324377389181,0.6746541869072687,0.0003990118813817389,0.6746858471915835,0.6781186478478568,0.44827802631340175,0.28671745034830026
ARQ550,550,1250,5502,0.6781299250466483,0.6731300178028289,0.2095982507238486,0.6799380268369403,0.67731435525985,0.5836221151340232,0.18702525638529657
ARQ600,600,1250,6007,0.6747186183929443,0.6762022092228844,0.674697938987187,0.6769813270795912,0.6747319556417919,0.6754664098648797,0.0009513713726870414
ARQ2,2,1300,23,0.5314062893390655,0.6777345019578934,0.5873733261227607,0.6203145331144333,0.3726445870101452,0.5578946475088596,0.10406348385433656
ARQ4,4,1300,45,0.2705621474981308,0.41503945618867877,0.543847738802433,0.5984322381019592,0.3722501124441624,0.4400263386070728,0.11815869441339798
ARQ8,8,1300,89,0.22040532723069192,0.3637351015210152,0.39180936098098756,0.48463410705327986,0.23366209879517555,0.33884919911623,0.09977033940670468
ARQ16,16,1300,168,0.03465334080159664,0.05520164668560028,0.02615386577323079,0.07188697468489408,0.035919254403561356,0.04476301646977663,0.016561354227746686
ARQ64,64,1300,642,0.20552624173462392,0.6782354635000228,0.28983191967010496,0.20767057806253433,0.2885860115289688,0.333970042899251,0.17605449663254594
ARQ128,128,1300,1283,0.2892075465619564,0.6777513456344605,0.20692913617938757,0.6778022253513336,0.6782313138246536,0.5059843135103584,0.21218883243396597
ARQ256,256,1300,2565,0.205813762396574,1.6745828488637927e-05,0.2052951716631651,0.20418581292033194,0.20896872490644455,0.16485604354300085,0.08243495775963952
ARQ300,300,1300,3004,0.20404494024813175,0.6780214673280716,0.6781761938333511,0.2119130203872919,0.6743714249134064,0.4893054093420505,0.2297195797372573
ARQ350,350,1300,3509,0.6779331135749816,0.6742667293548584,0.6743416440486908,0.2082152336463332,0.6781189972162247,0.5825751435682177,0.18718736607204328
ARQ400,400,1300,4005,0.22022562300266152,6.673123291875527e-05,0.20838046934455634,0.6742957013845444,0.20769470248371363,0.26213264548967896,0.22188551672996143
ARQ450,450,1300,4510,0.6743320912122727,0.674394543170929,0.6743385928869248,1.7274782030654024e-05,0.6749586629867553,0.5396082330077825,0.26979558126275555
ARQ500,500,1300,5006,0.21011473340556905,0.2349927269667387,0.6784048038721084,0.2145594246685505,0.6743272745609283,0.402479792694779,0.22378827633762188
