ARQ2,2,50,45,0.3633333444595337,0.5,0.5,0.5183333158493042,0.5183333158493042,0.48000001907348633,0.05890670046210289
ARQ4,4,50,89,0.6816666722297668,0.5116666555404663,0.4566666781902313,0.6133333444595337,0.5,0.5526666641235352,0.0824526846408844
ARQ8,8,50,177,0.5249999761581421,0.46166667342185974,0.5,0.5633333325386047,0.5416666865348816,0.5183333396911621,0.035103023052215576
ARQ16,16,50,353,0.5883333086967468,0.39500001072883606,0.5,0.57833331823349,0.5099999904632568,0.5143333435058594,0.06933492422103882
ARQ64,64,50,1349,0.4749999940395355,0.503333330154419,0.3733333349227905,0.43833333253860474,0.5016666650772095,0.45833330154418944,0.048591263592243195
ARQ128,128,50,2697,0.4566666781902313,0.5,0.5,0.574999988079071,0.5533333420753479,0.5170000076293946,0.042195308953523636
ARQ256,256,50,5393,0.5183333158493042,0.5,0.5,0.5566666722297668,0.5,0.5150000095367432,0.02201010100543499
ARQ300,300,50,6321,0.5,0.4983333349227905,0.5,0.5,0.5099999904632568,0.5016666412353515,0.004216365981847048
ARQ350,350,50,7361,0.5,0.5,0.47333332896232605,0.5,0.4566666781902313,0.48600001335144044,0.01793816313147545
ARQ400,400,50,8421,0.5,0.503333330154419,0.5,0.5,0.5,0.5006666660308838,0.0013333320384845138
ARQ450,450,50,9461,0.5,0.5,0.5533333420753479,0.5,0.5,0.5106666564941407,0.02133333683013916
ARQ500,500,50,10521,0.5,0.46000000834465027,0.48500001430511475,0.5,0.5,0.4890000343322754,0.01562049612402916
ARQ550,550,50,11561,0.4933333396911621,0.5299999713897705,0.5,0.49666666984558105,0.5,0.5039999961853028,0.013232942670583725
ARQ600,600,50,12621,0.5,0.5,0.47833332419395447,0.4833333194255829,0.5,0.49233331680297854,0.0095219099894166
ARQ2,2,100,45,0.7633000016212463,0.5159000158309937,0.5802333354949951,0.5540000200271606,0.5088333487510681,0.5844533920288086,0.09311205893754959
ARQ4,4,100,89,0.6321666836738586,0.48910000920295715,0.5590000152587891,0.5197666883468628,0.6253666877746582,0.5650800228118896,0.05656559020280838
ARQ8,8,100,177,0.6241000294685364,0.6501666903495789,0.5878000259399414,0.7836333513259888,0.7386999726295471,0.6768799781799316,0.07301034778356552
ARQ16,16,100,353,0.8396000266075134,0.8162333369255066,0.8171333074569702,0.8307999968528748,0.8284333348274231,0.8264400482177734,0.008797269314527512
ARQ64,64,100,1349,0.755299985408783,0.6733999848365784,0.850933313369751,0.7931666374206543,0.784333348274231,0.7714266777038574,0.05801691859960556
ARQ128,128,100,2697,0.8970000147819519,0.9549999833106995,0.9162333607673645,0.9223333597183228,0.8788999915122986,0.9138933181762695,0.025598376989364624
ARQ256,256,100,5393,0.9383666515350342,0.9856333136558533,0.9217333197593689,0.909333348274231,0.9261666536331177,0.936246681213379,0.026382215321063995
ARQ300,300,100,6321,0.9138666391372681,0.9298999905586243,0.8213333487510681,0.9132000207901001,0.9580000042915344,0.9072600364685058,0.04593351110816002
ARQ350,350,100,7361,0.8749333620071411,0.5,0.9143000245094299,0.8503999710083008,0.9387000203132629,0.815666675567627,0.16076700389385223
ARQ400,400,100,8421,0.5,0.6974666714668274,0.8460666537284851,0.9035000205039978,0.8739333152770996,0.764193344116211,0.14993533492088318
ARQ450,450,100,9461,0.8720999956130981,0.5,0.887333333492279,0.9418666958808899,0.9587000012397766,0.8319999694824218,0.16912561655044556
ARQ500,500,100,10521,0.5,0.8033666610717773,0.5,0.9092333316802979,0.8959333300590515,0.7217066764831543,0.18466034531593323
ARQ550,550,100,11561,0.8496666550636292,0.5,0.8934999704360962,0.8842666745185852,0.5,0.7254866123199463,0.18468822538852692
ARQ600,600,100,12621,0.5,0.5,0.5,0.5,0.7456333041191101,0.549126672744751,0.09825332462787628
ARQ2,2,150,45,0.6420367360115051,0.43358930945396423,0.6273789405822754,0.8089816570281982,0.6879799962043762,0.6399933338165283,0.12134718149900436
ARQ4,4,150,89,0.6915525794029236,0.7795993089675903,0.7547245621681213,0.6477462649345398,0.776928186416626,0.7301101684570312,0.051995135843753815
ARQ8,8,150,177,0.8675792813301086,0.8853422403335571,0.9234724640846252,0.6053422093391418,0.7316527366638184,0.8026777267456054,0.11800242215394974
ARQ16,16,150,353,0.8923539519309998,0.9287813305854797,0.8692821264266968,0.7885809540748596,0.7999666333198547,0.8557929992675781,0.053814493119716644
ARQ64,64,150,1349,0.9171285629272461,0.7958263754844666,0.9285475611686707,0.8977963328361511,0.8190650939941406,0.8716728210449218,0.053858432918787
ARQ128,128,150,2697,0.9174624085426331,0.9232053160667419,0.9612687826156616,0.9389315247535706,0.9387980103492737,0.9359332084655761,0.01524636335670948
ARQ256,256,150,5393,0.9554257392883301,0.9451085329055786,0.9597662687301636,0.9677128791809082,0.9652420878410339,0.958651065826416,0.008007554337382317
ARQ300,300,150,6321,0.9547579288482666,0.974524199962616,0.9694491028785706,0.9272788166999817,0.967278778553009,0.9586577415466309,0.016984498128294945
ARQ350,350,150,7361,0.942170262336731,0.9352587461471558,0.926577627658844,0.9633722901344299,0.5008347034454346,0.8536426544189453,0.17682300508022308
ARQ400,400,150,8421,0.9257095456123352,0.5008347034454346,0.5008347034454346,0.49916526675224304,0.9278464317321777,0.6708781242370605,0.20894335210323334
ARQ450,450,150,9461,0.9156594276428223,0.9316861629486084,0.9564607739448547,0.9269782900810242,0.49916526675224304,0.845989990234375,0.17392408847808838
ARQ500,500,150,10521,0.9425375461578369,0.4999332129955292,0.5008347034454346,0.8596327304840088,0.49983304738998413,0.6605542659759521,0.19813509285449982
ARQ550,550,150,11561,0.7191652655601501,0.5008347034454346,0.5008347034454346,0.5000667572021484,0.7584640979766846,0.5958731174468994,0.11737141013145447
ARQ600,600,150,12621,0.5008013248443604,0.49916526675224304,0.49916526675224304,0.5008347034454346,0.673589289188385,0.5347111701965332,0.0694429948925972
ARQ2,2,200,45,0.6014666557312012,0.5794666409492493,0.6154666543006897,0.6565333604812622,0.7446333169937134,0.6395133018493653,0.05826026201248169
ARQ4,4,200,89,0.6033666729927063,0.5205333232879639,0.81413334608078,0.8320000171661377,0.7495333552360535,0.7039133548736572,0.1219620406627655
ARQ8,8,200,177,0.708133339881897,0.815500020980835,0.8610333204269409,0.7010999917984009,0.7439333200454712,0.765939998626709,0.06249650567770004
ARQ16,16,200,353,0.9225000143051147,0.9282333254814148,0.7390666604042053,0.9042666554450989,0.8379666805267334,0.8664066314697265,0.07131154835224152
ARQ64,64,200,1349,0.8887333273887634,0.8826333284378052,0.9344666600227356,0.9247333407402039,0.9526333212852478,0.9166399955749511,0.02688511461019516
ARQ128,128,200,2697,0.916866660118103,0.9125999808311462,0.9456999897956848,0.956933319568634,0.9560333490371704,0.9376266479492188,0.01915225386619568
ARQ256,256,200,5393,0.9322999715805054,0.9675666689872742,0.942966639995575,0.9382666945457458,0.9703999757766724,0.9503000259399415,0.015650728717446327
ARQ300,300,200,6321,0.9377666711807251,0.9524999856948853,0.9529666900634766,0.9540333151817322,0.941266655921936,0.9477066993713379,0.006796285510063171
ARQ350,350,200,7361,0.9312333464622498,0.9678333401679993,0.9687333106994629,0.9592999815940857,0.9469666481018066,0.9548133850097656,0.014149223454296589
ARQ400,400,200,8421,0.7898666858673096,0.9341333508491516,0.975600004196167,0.9504666924476624,0.9408666491508484,0.9181866645812988,0.06568560004234314
ARQ450,450,200,9461,0.8845999836921692,0.5,0.9652000069618225,0.8943666815757751,0.5,0.7488333225250244,0.20506736636161804
ARQ500,500,200,10521,0.9594666957855225,0.5,0.5,0.5,0.8183000087738037,0.6555533409118652,0.1956733763217926
ARQ550,550,200,11561,0.5,0.9336333274841309,0.9381999969482422,0.5,0.885200023651123,0.7514066696166992,0.20611141622066498
ARQ600,600,200,12621,0.5,0.5,0.5,0.5,0.5,0.5,0.0
ARQ2,2,250,45,0.4677000045776367,0.5149999856948853,0.48686665296554565,0.5171666741371155,0.6186666488647461,0.5210799694061279,0.05214482173323631
ARQ4,4,250,89,0.39516666531562805,0.6625000238418579,0.5719000101089478,0.6729999780654907,0.7266666889190674,0.605846643447876,0.11649471521377563
ARQ8,8,250,177,0.7833333611488342,0.8654666543006897,0.8964666724205017,0.8004000186920166,0.8639000058174133,0.8419133186340332,0.04282337427139282
ARQ16,16,250,353,0.913433313369751,0.9255666732788086,0.8561000227928162,0.9024999737739563,0.8821666836738586,0.895953369140625,0.024510065093636513
ARQ64,64,250,1349,0.9479666948318481,0.9158999919891357,0.9538000226020813,0.9756666421890259,0.9407333135604858,0.9468133926391602,0.019366253167390823
ARQ128,128,250,2697,0.97079998254776,0.9322666525840759,0.9178666472434998,0.9557666778564453,0.9455666542053223,0.9444533348083496,0.018323449417948723
ARQ256,256,250,5393,0.9693333506584167,0.950166642665863,0.9567999839782715,0.9525333046913147,0.9801999926567078,0.9618065834045411,0.011327114887535572
ARQ300,300,250,6321,0.9645666480064392,0.973466694355011,0.9782333374023438,0.9136333465576172,0.9451666474342346,0.955013370513916,0.02358059026300907
ARQ350,350,250,7361,0.5,0.9687333106994629,0.9532666802406311,0.9739999771118164,0.9537666440010071,0.8699533462524414,0.18515639007091522
ARQ400,400,250,8421,0.9469333291053772,0.5,0.5,0.9684666395187378,0.9468666911125183,0.7724533557891846,0.22259655594825745
ARQ450,450,250,9461,0.5,0.9306666851043701,0.49913331866264343,0.9642000198364258,0.9760666489601135,0.7740133285522461,0.22457921504974365
ARQ500,500,250,10521,0.8481333255767822,0.9342666864395142,0.5,0.9631666541099548,0.9488666653633118,0.8388867378234863,0.17410808801651
ARQ550,550,250,11561,0.9524333477020264,0.9164666533470154,0.9499333500862122,0.5,0.5,0.7637666702270508,0.21573880314826965
ARQ600,600,250,12621,0.5,0.5,0.5,0.5,0.5,0.5,0.0
ARQ2,2,300,45,0.5026333332061768,0.65993332862854,0.4785666763782501,0.47083333134651184,0.4011000096797943,0.5026133060455322,0.08560694754123688
ARQ4,4,300,89,0.7863333225250244,0.6191333532333374,0.8270999789237976,0.7976333498954773,0.8634999990463257,0.7787400245666504,0.0841568112373352
ARQ8,8,300,177,0.6130333542823792,0.90829998254776,0.7804666757583618,0.8618000149726868,0.8738666772842407,0.8074933052062988,0.10588837414979935
ARQ16,16,300,353,0.893833339214325,0.8911333084106445,0.8695666790008545,0.9278666377067566,0.8407666683197021,0.8846333503723145,0.02880033664405346
ARQ64,64,300,1349,0.9187666773796082,0.9115333557128906,0.949999988079071,0.8900333046913147,0.8880666494369507,0.911680030822754,0.02256029099225998
ARQ128,128,300,2697,0.9490666389465332,0.9330999851226807,0.987766683101654,0.956933319568634,0.9549333453178406,0.9563599586486816,0.017793061211705208
ARQ256,256,300,5393,0.9825999736785889,0.9916333556175232,0.9350666403770447,0.9560666680335999,0.9688000082969666,0.9668333053588867,0.01996266469359398
ARQ300,300,300,6321,0.9664333462715149,0.9703666567802429,0.9699666500091553,0.9591000080108643,0.9826333522796631,0.9697000503540039,0.00762650603428483
ARQ350,350,300,7361,0.9445000290870667,0.9704999923706055,0.9720333218574524,0.9549999833106995,0.961733341217041,0.9607532501220704,0.010202615521848202
ARQ400,400,300,8421,0.5,0.9511333107948303,0.9596999883651733,0.9017333388328552,0.9742666482925415,0.8573666572570801,0.18033814430236816
ARQ450,450,300,9461,0.960266649723053,0.9166333079338074,0.8868666887283325,0.914733350276947,0.5,0.8357000350952148,0.16948500275611877
ARQ500,500,300,10521,0.9853333234786987,0.9539999961853027,0.7591000199317932,0.5,0.9548333287239075,0.8306533813476562,0.18385455012321472
ARQ550,550,300,11561,0.9033666849136353,0.883566677570343,0.5,0.7595333456993103,0.8611000180244446,0.7815133571624756,0.14921797811985016
ARQ600,600,300,12621,0.5,0.5,0.5,0.5,0.8835999965667725,0.5767199993133545,0.15343999862670898
ARQ2,2,350,45,0.64410001039505,0.6998666524887085,0.7291666865348816,0.6235666871070862,0.6930999755859375,0.6779600143432617,0.03856520727276802
ARQ4,4,350,89,0.569433331489563,0.786300003528595,0.7117999792098999,0.7117000222206116,0.6429666876792908,0.6844400405883789,0.07323073595762253
ARQ8,8,350,177,0.5862666964530945,0.8809000253677368,0.7813666462898254,0.8557999730110168,0.7708666920661926,0.7750399589538575,0.1033647209405899
ARQ16,16,350,353,0.9240333437919617,0.870033323764801,0.887499988079071,0.9066333174705505,0.9125999808311462,0.9001600265502929,0.019154561683535576
ARQ64,64,350,1349,0.9495000243186951,0.9545000195503235,0.9520666599273682,0.9237333536148071,0.8884666562080383,0.9336533546447754,0.02515946887433529
ARQ128,128,350,2697,0.96670001745224,0.9732333421707153,0.9714000225067139,0.9666000008583069,0.9657999873161316,0.9687466621398926,0.002988324500620365
ARQ256,256,350,5393,0.9335333108901978,0.9778666496276855,0.9750000238418579,0.9710000157356262,0.9717666506767273,0.9658332824707031,0.016334131360054016
ARQ300,300,350,6321,0.9753333330154419,0.9833333492279053,0.9668333530426025,0.9621000289916992,0.9542999863624573,0.9683799743652344,0.01011956948786974
ARQ350,350,350,7361,0.9901000261306763,0.9810000061988831,0.9780333042144775,0.9633333086967468,0.989300012588501,0.9803533554077148,0.009700752794742584
ARQ400,400,350,8421,0.9627666473388672,0.9587666392326355,0.9829333424568176,0.9427333474159241,0.958133339881897,0.9610666275024414,0.012892219237983227
ARQ450,450,350,9461,0.9556999802589417,0.5,0.9494333267211914,0.9712333083152771,0.912933349609375,0.857859992980957,0.17994925379753113
ARQ500,500,350,10521,0.9594333171844482,0.9726333618164062,0.9550333619117737,0.96670001745224,0.7236999869346619,0.9154999732971192,0.09608946740627289
ARQ550,550,350,11561,0.9184333086013794,0.5,0.9419999718666077,0.5,0.5,0.6720866680145263,0.21089397370815277
ARQ600,600,350,12621,0.5,0.5,0.5,0.9514999985694885,0.5,0.5902999877929688,0.18060000240802765
ARQ2,2,400,45,0.6043405532836914,0.43385642766952515,0.579365611076355,0.7750584483146667,0.5367612838745117,0.58587646484375,0.11108152568340302
ARQ4,4,400,89,0.5660099983215332,0.7505509257316589,0.694424033164978,0.5860767960548401,0.5969616174697876,0.6388046264648437,0.07128937542438507
ARQ8,8,400,177,0.6836727857589722,0.7934557795524597,0.8070116639137268,0.9222704768180847,0.7205342054367065,0.7853889465332031,0.0822453424334526
ARQ16,16,400,353,0.9298163652420044,0.8549248576164246,0.8719532489776611,0.9132220149040222,0.9623372554779053,0.9064507484436035,0.03888469561934471
ARQ64,64,400,1349,0.9258430600166321,0.9463438987731934,0.8839064836502075,0.9622036814689636,0.8654423952102661,0.9167479515075684,0.03670336678624153
ARQ128,128,400,2697,0.9488480687141418,0.969515860080719,0.9420367479324341,0.9305843114852905,0.9424374103546143,0.946684455871582,0.01284373365342617
ARQ256,256,400,5393,0.9781969785690308,0.9736894965171814,0.975091814994812,0.9906176924705505,0.9725876450538635,0.9780366897583008,0.006566121708601713
ARQ300,300,400,6321,0.9897496104240417,0.9739899635314941,0.9449082016944885,0.9830384254455566,0.9794991612434387,0.974237060546875,0.015530846081674099
ARQ350,350,400,7361,0.9689816236495972,0.9792320728302002,0.9473789930343628,0.9768614172935486,0.9762604236602783,0.9697429656982421,0.011695466004312038
ARQ400,400,400,8421,0.9673455953598022,0.9395659565925598,0.9385643005371094,0.9611018300056458,0.9528881311416626,0.9518931388854981,0.011438407003879547
ARQ450,450,400,9461,0.9771953225135803,0.9695492386817932,0.9685142040252686,0.955191969871521,0.9521535634994507,0.9645209312438965,0.009400549344718456
ARQ500,500,400,10521,0.49916526675224304,0.9458431005477905,0.9809014797210693,0.5000667572021484,0.49916526675224304,0.6850284099578857,0.2275373488664627
ARQ550,550,400,11561,0.8262437582015991,0.9632720947265625,0.9134557843208313,0.4999666213989258,0.49916526675224304,0.7404207229614258,0.2014903575181961
ARQ600,600,400,12621,0.925642728805542,0.8956928253173828,0.4997996687889099,0.5004674196243286,0.49919867515563965,0.6641602993011475,0.20149564743041992
ARQ2,2,450,45,0.3902333378791809,0.6405333280563354,0.7853000164031982,0.7785000205039978,0.7192999720573425,0.6627733707427979,0.14585840702056885
ARQ4,4,450,89,0.8426333069801331,0.6248000264167786,0.6776000261306763,0.6470000147819519,0.6031666398048401,0.679040002822876,0.08542850613594055
ARQ8,8,450,177,0.9059000015258789,0.8174999952316284,0.7375666499137878,0.8853999972343445,0.8651000261306763,0.8422933578491211,0.0600108802318573
ARQ16,16,450,353,0.846833348274231,0.9172333478927612,0.9616666436195374,0.8810333609580994,0.9076333045959473,0.9028800010681153,0.038217756897211075
ARQ64,64,450,1349,0.9032666683197021,0.9022666811943054,0.9540666937828064,0.8899333477020264,0.9474666714668274,0.9194000244140625,0.026121394708752632
ARQ128,128,450,2697,0.9605666399002075,0.9508333206176758,0.9646000266075134,0.9190000295639038,0.972766637802124,0.9535533905029296,0.01866384781897068
ARQ256,256,450,5393,0.9567999839782715,0.974399983882904,0.9911333322525024,0.9784333109855652,0.9771666526794434,0.9755867004394532,0.011014956049621105
ARQ300,300,450,6321,0.975766658782959,0.9656000137329102,0.958466649055481,0.9623000025749207,0.9738333225250244,0.96719331741333,0.006636712234467268
ARQ350,350,450,7361,0.9703999757766724,0.970966637134552,0.9787333607673645,0.9856333136558533,0.9604666829109192,0.9732399940490722,0.008487199433147907
ARQ400,400,450,8421,0.960433304309845,0.5,0.9674000144004822,0.9801333546638489,0.9853333234786987,0.878660011291504,0.18953685462474823
ARQ450,450,450,9461,0.5,0.9079333543777466,0.9666000008583069,0.9585999846458435,0.9421333074569702,0.8550533294677735,0.178665429353714
ARQ500,500,450,10521,0.9675333499908447,0.9753333330154419,0.9698333144187927,0.95660001039505,0.9406999945640564,0.9619999885559082,0.012268713675439358
ARQ550,550,450,11561,0.9522666931152344,0.7595333456993103,0.9818666577339172,0.98826664686203,0.5,0.8363866806030273,0.1880013644695282
ARQ600,600,450,12621,0.5,0.9729666709899902,0.5,0.9577666521072388,0.5,0.6861466407775879,0.22803282737731934
ARQ2,2,500,45,0.4983333349227905,0.54666668176651,0.673966646194458,0.6526666879653931,0.6801999807357788,0.6103667259216309,0.07391899824142456
ARQ4,4,500,89,0.7824333310127258,0.837933361530304,0.5799000263214111,0.6158000230789185,0.5479666590690613,0.672806692123413,0.11554328352212906
ARQ8,8,500,177,0.8119000196456909,0.7205333113670349,0.8348000049591064,0.8196333050727844,0.8968999981880188,0.8167532920837403,0.056637994945049286
ARQ16,16,500,353,0.8565000295639038,0.9594333171844482,0.8585000038146973,0.9193333387374878,0.7926999926567078,0.8772933006286621,0.057368844747543335
ARQ64,64,500,1349,0.8589666485786438,0.941433310508728,0.9031000137329102,0.8945666551589966,0.9356666803359985,0.9067466735839844,0.02994699217379093
ARQ128,128,500,2697,0.9719666838645935,0.9649333357810974,0.9632999897003174,0.9781333208084106,0.9881666898727417,0.9732999801635742,0.009123140946030617
ARQ256,256,500,5393,0.9713333249092102,0.9656999707221985,0.9726333618164062,0.9624000191688538,0.9769999980926514,0.969813346862793,0.005172776058316231
ARQ300,300,500,6321,0.9739999771118164,0.9803000092506409,0.9705666899681091,0.9862666726112366,0.9739333391189575,0.9770133018493652,0.005595576949417591
ARQ350,350,500,7361,0.9737666845321655,0.9605000019073486,0.9775333404541016,0.5,0.9481333494186401,0.8719866752624512,0.18628272414207458
ARQ400,400,500,8421,0.9623333215713501,0.9674999713897705,0.9804666638374329,0.9728999733924866,0.9846000075340271,0.9735599517822265,0.008158206008374691
ARQ450,450,500,9461,0.9124333262443542,0.9187333583831787,0.9520999789237976,0.9642000198364258,0.9788333177566528,0.9452600479125977,0.025744633749127388
ARQ500,500,500,10521,0.8634999990463257,0.9062333106994629,0.5,0.9871000051498413,0.9486333131790161,0.8410933494567872,0.17548374831676483
ARQ550,550,500,11561,0.9420333504676819,0.9518666863441467,0.9789666533470154,0.5,0.5,0.7745733261108398,0.22451433539390564
ARQ600,600,500,12621,0.9690999984741211,0.5,0.8744000196456909,0.5,0.7730000019073486,0.7233000278472901,0.19258490204811096
ARQ2,2,550,45,0.8252666592597961,0.5981666445732117,0.578000009059906,0.49230000376701355,0.6925333142280579,0.6372533321380616,0.11353861540555954
ARQ4,4,550,89,0.7391999959945679,0.8964666724205017,0.7956333160400391,0.694266676902771,0.7318333387374878,0.7714799880981446,0.07040000706911087
ARQ8,8,550,177,0.8687999844551086,0.8274999856948853,0.8000333309173584,0.8604666590690613,0.6218666434288025,0.7957333564758301,0.09031762927770615
ARQ16,16,550,353,0.8598666787147522,0.868399977684021,0.8210333585739136,0.8877000212669373,0.9597333073616028,0.8793467521667481,0.045676104724407196
ARQ64,64,550,1349,0.9358000159263611,0.9621333479881287,0.8941666483879089,0.9441999793052673,0.9262999892234802,0.9325200080871582,0.022511323913931847
ARQ128,128,550,2697,0.9897000193595886,0.9470333456993103,0.9587000012397766,0.9730333089828491,0.9537333250045776,0.9644400596618652,0.015247857198119164
ARQ256,256,550,5393,0.972599983215332,0.974399983882904,0.9915000200271606,0.9764999747276306,0.9785333275794983,0.9787066459655762,0.006699381396174431
ARQ300,300,550,6321,0.9843666553497314,0.9749333262443542,0.9634000062942505,0.9880666732788086,0.9857000112533569,0.9792933464050293,0.009114418178796768
ARQ350,350,550,7361,0.9729999899864197,0.9688000082969666,0.9414666891098022,0.9498666524887085,0.987766683101654,0.9641799926757812,0.01659056730568409
ARQ400,400,550,8421,0.9901000261306763,0.9844333529472351,0.9700333476066589,0.981333315372467,0.9803333282470703,0.9812466621398925,0.006559224799275398
ARQ450,450,550,9461,0.9757333397865295,0.879966676235199,0.5,0.9776333570480347,0.5,0.7666666984558106,0.22057874500751495
ARQ500,500,550,10521,0.9699666500091553,0.9498000144958496,0.9351000189781189,0.973800003528595,0.9609333276748657,0.957919979095459,0.014092992059886456
ARQ550,550,550,11561,0.5,0.9444666504859924,0.8923666477203369,0.5,0.5,0.6673666477203369,0.20564250648021698
ARQ600,600,550,12621,0.5,0.5,0.9743333458900452,0.9359666705131531,0.9339333176612854,0.7688466548919678,0.21998389065265656
ARQ2,2,600,45,0.7416333556175232,0.47376665472984314,0.7738666534423828,0.6984000205993652,0.7668666839599609,0.6909066677093506,0.1117420345544815
ARQ4,4,600,89,0.6309999823570251,0.405266672372818,0.5490666627883911,0.7638333439826965,0.7082666754722595,0.6114866733551025,0.12599967420101166
ARQ8,8,600,177,0.7718333601951599,0.705133318901062,0.6952999830245972,0.7792333364486694,0.8547000288963318,0.7612400054931641,0.05773526057600975
ARQ16,16,600,353,0.8639666438102722,0.9064333438873291,0.8867666721343994,0.9539666771888733,0.9136000275611877,0.9049467086791992,0.029966402798891068
ARQ64,64,600,1349,0.9255333542823792,0.8938666582107544,0.9561333060264587,0.955299973487854,0.8828333616256714,0.9227334022521972,0.030362073332071304
ARQ128,128,600,2697,0.9666333198547363,0.972000002861023,0.960266649723053,0.9584000110626221,0.944766640663147,0.9604133605957031,0.009185130707919598
ARQ256,256,600,5393,0.9837666749954224,0.97079998254776,0.9617999792098999,0.978600025177002,0.9761999845504761,0.974233341217041,0.007485940121114254
ARQ300,300,600,6321,0.9782000184059143,0.9779999852180481,0.9740666747093201,0.9802666902542114,0.9710333347320557,0.9763134002685547,0.003315396374091506
ARQ350,350,600,7361,0.9513000249862671,0.9821666479110718,0.9312333464622498,0.9594333171844482,0.9929333329200745,0.9634133338928222,0.02200564183294773
ARQ400,400,600,8421,0.9663000106811523,0.9471333622932434,0.9741666913032532,0.9682333469390869,0.9715333580970764,0.9654733657836914,0.009559853002429008
ARQ450,450,600,9461,0.9734333157539368,0.9591666460037231,0.9667999744415283,0.9754666686058044,0.9642000198364258,0.9678133010864258,0.005983408074826002
ARQ500,500,600,10521,0.9492999911308289,0.8625333309173584,0.947866678237915,0.9639999866485596,0.5,0.8447400093078613,0.17604154348373413
ARQ550,550,600,11561,0.5,0.5,0.9630333185195923,0.9659666419029236,0.9043333530426025,0.7666666507720947,0.21883998811244965
ARQ600,600,600,12621,0.5,0.5,0.5,0.5,0.8895999789237976,0.5779200077056885,0.15583999454975128
ARQ2,2,650,45,0.5433666706085205,0.476666659116745,0.8838333487510681,0.7240999937057495,0.541266679763794,0.6338467121124267,0.14973458647727966
ARQ4,4,650,89,0.868066668510437,0.715399980545044,0.6807000041007996,0.7524666786193848,0.9156666398048401,0.7864599704742432,0.0902709886431694
ARQ8,8,650,177,0.8425999879837036,0.7601333260536194,0.8021000027656555,0.836733341217041,0.911466658115387,0.8306066513061523,0.04999767243862152
ARQ16,16,650,353,0.9184666872024536,0.9642999768257141,0.9455666542053223,0.9213666915893555,0.8846666812896729,0.9268733978271484,0.02695399895310402
ARQ64,64,650,1349,0.928766667842865,0.8931999802589417,0.9397333264350891,0.9547666907310486,0.9159333109855652,0.9264800071716308,0.0209752656519413
ARQ128,128,650,2697,0.9690666794776917,0.960433304309845,0.963533341884613,0.9652000069618225,0.9680666923522949,0.9652599334716797,0.0031193033792078495
ARQ256,256,650,5393,0.9589666724205017,0.9910666942596436,0.9690666794776917,0.9829000234603882,0.974133312702179,0.9752266883850098,0.011075333692133427
ARQ300,300,650,6321,0.9520999789237976,0.980400025844574,0.975266695022583,0.9745333194732666,0.98826664686203,0.9741133689880371,0.012049341574311256
ARQ350,350,650,7361,0.9844666719436646,0.9703333377838135,0.9708333611488342,0.9720333218574524,0.9820333123207092,0.9759400367736817,0.006043296307325363
ARQ400,400,650,8421,0.9280333518981934,0.9650999903678894,0.9800333380699158,0.9419666528701782,0.968833327293396,0.9567934036254883,0.01897907629609108
ARQ450,450,650,9461,0.9656000137329102,0.9478999972343445,0.9656999707221985,0.9739333391189575,0.9462666511535645,0.9598799705505371,0.01088972669094801
ARQ500,500,650,10521,0.9814000129699707,0.9630666375160217,0.9731666445732117,0.971666693687439,0.5,0.8778599739074707,0.18901954591274261
ARQ550,550,650,11561,0.9799333214759827,0.9621999859809875,0.5,0.5,0.9616333246231079,0.7807533264160156,0.22932858765125275
ARQ600,600,650,12621,0.5,0.5,0.5,0.5,0.9390333294868469,0.5878066539764404,0.17561332881450653
ARQ2,2,700,45,0.6243333220481873,0.7379666566848755,0.5252333283424377,0.5827333331108093,0.645633339881897,0.6231800079345703,0.07058461755514145
ARQ4,4,700,89,0.6103666424751282,0.5741000175476074,0.7935000061988831,0.6654000282287598,0.7261000275611877,0.6738933086395263,0.07886415719985962
ARQ8,8,700,177,0.901199996471405,0.8471999764442444,0.8611000180244446,0.8337666392326355,0.894599974155426,0.867573356628418,0.02630992978811264
ARQ16,16,700,353,0.8938999772071838,0.9553333520889282,0.8824999928474426,0.8450333476066589,0.9060333371162415,0.8965600013732911,0.03578772395849228
ARQ64,64,700,1349,0.9836000204086304,0.9429333209991455,0.9695333242416382,0.977400004863739,0.9574333429336548,0.9661800384521484,0.014543055556714535
ARQ128,128,700,2697,0.9478999972343445,0.9684333205223083,0.9544000029563904,0.9578666687011719,0.9537666440010071,0.9564733505249023,0.006783946417272091
ARQ256,256,700,5393,0.9721666574478149,0.9629666805267334,0.958299994468689,0.930899977684021,0.9734333157539368,0.959553337097168,0.015401210635900497
ARQ300,300,700,6321,0.9776999950408936,0.9739999771118164,0.9848333597183228,0.9801333546638489,0.9779000282287598,0.9789133071899414,0.0035545805003494024
ARQ350,350,700,7361,0.9765666723251343,0.9860000014305115,0.986299991607666,0.9710333347320557,0.9789999723434448,0.9797800064086915,0.00580752594396472
ARQ400,400,700,8421,0.9722999930381775,0.975266695022583,0.9643666744232178,0.9775999784469604,0.9905333518981934,0.9760133743286132,0.008524546399712563
ARQ450,450,700,9461,0.7342333197593689,0.807366669178009,0.5,0.9789333343505859,0.5,0.7041066646575928,0.1846179962158203
ARQ500,500,700,10521,0.5,0.9699666500091553,0.9639666676521301,0.9007333517074585,0.5,0.7669333457946778,0.21929611265659332
ARQ550,550,700,11561,0.5,0.5,0.5,0.9545999765396118,0.7762666940689087,0.6461732864379883,0.18769720196723938
ARQ600,600,700,12621,0.5,0.9821666479110718,0.5,0.5,0.5,0.5964333534240722,0.19286663830280304
ARQ2,2,750,45,0.6275666952133179,0.5626999735832214,0.5861333608627319,0.6462000012397766,0.5684000253677368,0.5982000350952148,0.03304632380604744
ARQ4,4,750,89,0.6631333231925964,0.8335999846458435,0.7547333240509033,0.7601000070571899,0.6958666443824768,0.741486644744873,0.05869791656732559
ARQ8,8,750,177,0.8790333271026611,0.8786333203315735,0.9073333144187927,0.8313666582107544,0.6287000179290771,0.8250133514404296,0.10114260017871857
ARQ16,16,750,353,0.9111999869346619,0.8943333625793457,0.8582000136375427,0.9101666808128357,0.9440333247184753,0.9035866737365723,0.027866695076227188
ARQ64,64,750,1349,0.9128666520118713,0.9150999784469604,0.9213666915893555,0.9518666863441467,0.9448666572570801,0.9292133331298829,0.016038525849580765
ARQ128,128,750,2697,0.9791666865348816,0.947433352470398,0.9599666595458984,0.962933361530304,0.9454333186149597,0.9589866638183594,0.01217326894402504
ARQ256,256,750,5393,0.9902666807174683,0.9934333562850952,0.9679666757583618,0.9855999946594238,0.9809333086013794,0.9836400032043457,0.008906666189432144
ARQ300,300,750,6321,0.9840666651725769,0.9851666688919067,0.9907666444778442,0.9650999903678894,0.9883333444595337,0.982686710357666,0.009105131030082703
ARQ350,350,750,7361,0.9635000228881836,0.9868000149726868,0.9817666411399841,0.9557999968528748,0.9627000093460083,0.9701133728027344,0.01198173500597477
ARQ400,400,750,8421,0.9781333208084106,0.9850333333015442,0.9642999768257141,0.9650999903678894,0.9792666435241699,0.9743666648864746,0.008236318826675415
ARQ450,450,750,9461,0.9953333139419556,0.949733316898346,0.9710666537284851,0.9706000089645386,0.9806666374206543,0.9734800338745118,0.014881119132041931
ARQ500,500,750,10521,0.9491333365440369,0.5,0.9730666875839233,0.5,0.9603333473205566,0.7765067100524903,0.2258937656879425
ARQ550,550,750,11561,0.5,0.5,0.5,0.5,0.9729999899864197,0.5946000099182129,0.1891999989748001
ARQ600,600,750,12621,0.5,0.5,0.5,0.5,0.5,0.5,0.0
ARQ2,2,800,45,0.6572999954223633,0.7780666947364807,0.6765666604042053,0.5386000275611877,0.8188666701316833,0.6938799858093262,0.09844671934843063
ARQ4,4,800,89,0.5523333549499512,0.7500333189964294,0.7390999794006348,0.9225666522979736,0.5998333096504211,0.712773323059082,0.1300700306892395
ARQ8,8,800,177,0.930733323097229,0.9390666484832764,0.7701666951179504,0.8991333246231079,0.8222666382789612,0.8722733497619629,0.06561525911092758
ARQ16,16,800,353,0.9379666447639465,0.9149666428565979,0.8348666429519653,0.9301333427429199,0.9485999941825867,0.9133066177368164,0.04072459787130356
ARQ64,64,800,1349,0.9204333424568176,0.9052000045776367,0.9763333201408386,0.9491999745368958,0.8988666534423828,0.9300065994262695,0.0289525855332613
ARQ128,128,800,2697,0.9655666947364807,0.9722333550453186,0.982200026512146,0.980566680431366,0.9868999719619751,0.9774933815002441,0.007615712005645037
ARQ256,256,800,5393,0.9717000126838684,0.9865999817848206,0.9915333390235901,0.994533360004425,0.9902999997138977,0.9869333267211914,0.008030193857848644
ARQ300,300,800,6321,0.9887999892234802,0.9820333123207092,0.9623000025749207,0.9816333055496216,0.9607333540916443,0.975100040435791,0.01139021571725607
ARQ350,350,800,7361,0.9695666432380676,0.9681666493415833,0.9714000225067139,0.9861000180244446,0.9730666875839233,0.9736599922180176,0.006436552386730909
ARQ400,400,800,8421,0.975600004196167,0.9391000270843506,0.9740333557128906,0.9779999852180481,0.982366681098938,0.9698200225830078,0.015615434385836124
ARQ450,450,800,9461,0.9855999946594238,0.9643666744232178,0.9732333421707153,0.9854666590690613,0.9568666815757751,0.9731066703796387,0.011392921209335327
ARQ500,500,800,10521,0.9623000025749207,0.9811000227928162,0.991433322429657,0.937166690826416,0.9593333601951599,0.9662666320800781,0.01878298446536064
ARQ550,550,800,11561,0.965666651725769,0.5,0.5,0.9758999943733215,0.5,0.688313341140747,0.23065848648548126
ARQ600,600,800,12621,0.5,0.9072333574295044,0.5,0.5,0.9852666854858398,0.678499984741211,0.22000522911548615
ARQ2,2,850,45,0.483266681432724,0.7114666700363159,0.6384666562080383,0.6831666827201843,0.7766000032424927,0.6585933685302734,0.09845763444900513
ARQ4,4,850,89,0.817633330821991,0.9346666932106018,0.6046666502952576,0.8422999978065491,0.7964666485786438,0.7991466522216797,0.1080734059214592
ARQ8,8,850,177,0.8455333113670349,0.904033362865448,0.8549666404724121,0.862766683101654,0.8476333618164062,0.8629866600036621,0.02139880321919918
ARQ16,16,850,353,0.8329333066940308,0.9356666803359985,0.9047666788101196,0.8989666700363159,0.9421333074569702,0.902893352508545,0.03880000486969948
ARQ64,64,850,1349,0.9460333585739136,0.9419333338737488,0.9653333425521851,0.9789666533470154,0.9660333395004272,0.9596600532531738,0.013751168735325336
ARQ128,128,850,2697,0.9662333130836487,0.9864000082015991,0.9678333401679993,0.9510999917984009,0.9657333493232727,0.9674600601196289,0.011233869940042496
ARQ256,256,850,5393,0.9739999771118164,0.980400025844574,0.9692999720573425,0.9827333092689514,0.9641666412353516,0.9741199493408204,0.006869413889944553
ARQ300,300,850,6321,0.9728000164031982,0.964900016784668,0.9837333559989929,0.9810000061988831,0.9804333448410034,0.976573371887207,0.006874085869640112
ARQ350,350,850,7361,0.984666645526886,0.9550666809082031,0.9758333563804626,0.9835333228111267,0.5,0.8798200607299804,0.19020679593086243
ARQ400,400,850,8421,0.961566686630249,0.9659000039100647,0.996399998664856,0.958733320236206,0.9854999780654907,0.9736200332641601,0.014741480350494385
ARQ450,450,850,9461,0.9583666920661926,0.9866999983787537,0.9958000183105469,0.9675333499908447,0.5,0.8816800117492676,0.1913028210401535
ARQ500,500,850,10521,0.982200026512146,0.9824333190917969,0.963366687297821,0.9777666926383972,0.9438999891281128,0.9699333190917969,0.01475763414055109
ARQ550,550,850,11561,0.9080666899681091,0.5,0.9698333144187927,0.5,0.8842666745185852,0.7524333477020264,0.20799504220485687
ARQ600,600,850,12621,0.5,0.5,0.9800333380699158,0.5,0.9800333380699158,0.6920133590698242,0.23516735434532166
ARQ2,2,900,45,0.6970333456993103,0.7452999949455261,0.7089999914169312,0.4045666754245758,0.6829000115394592,0.647760009765625,0.12334509938955307
ARQ4,4,900,89,0.8450000286102295,0.8440999984741211,0.7734000086784363,0.6890000104904175,0.7835999727249146,0.7870200157165528,0.05731479823589325
ARQ8,8,900,177,0.8080000281333923,0.9003333449363708,0.887333333492279,0.8930666446685791,0.9063000082969666,0.8790066719055176,0.03607966750860214
ARQ16,16,900,353,0.8619333505630493,0.9173666834831238,0.8886333107948303,0.9290666580200195,0.9540333151817322,0.9102066040039063,0.032010819762945175
ARQ64,64,900,1349,0.9635999798774719,0.9851666688919067,0.9570666551589966,0.9508666396141052,0.9477999806404114,0.9609000205993652,0.013290105387568474
ARQ128,128,900,2697,0.9802666902542114,0.9680666923522949,0.9546999931335449,0.9674333333969116,0.9763000011444092,0.9693532943725586,0.008802496828138828
ARQ256,256,900,5393,0.9591333270072937,0.979533314704895,0.9837999939918518,0.9792666435241699,0.975933313369751,0.9755332946777344,0.008571993559598923
ARQ300,300,900,6321,0.9896000027656555,0.9812333583831787,0.9807000160217285,0.9765333533287048,0.977233350276947,0.9810600280761719,0.004652420058846474
ARQ350,350,900,7361,0.9761333465576172,0.9666000008583069,0.984666645526886,0.9776666760444641,0.9831333160400391,0.9776399612426758,0.006382829509675503
ARQ400,400,900,8421,0.9697999954223633,0.9779666662216187,0.9746999740600586,0.9829666614532471,0.9826333522796631,0.9776133537292481,0.004970300942659378
ARQ450,450,900,9461,0.9739333391189575,0.9779666662216187,0.964033305644989,0.9836666584014893,0.9551666378974915,0.970953369140625,0.010166635736823082
ARQ500,500,900,10521,0.9555000066757202,0.9694666862487793,0.5,0.9669333100318909,0.9792666435241699,0.874233341217041,0.18726961314678192
ARQ550,550,900,11561,0.5,0.5,0.9749666452407837,0.5,0.9842333197593689,0.6918399810791016,0.23497331142425537
ARQ600,600,900,12621,0.8617666959762573,0.9579333066940308,0.5,0.5,0.5,0.6639400005340577,0.2030745893716812
ARQ2,2,950,45,0.45719999074935913,0.6817666888237,0.6498333215713501,0.7919333577156067,0.6087666749954224,0.6378999710083008,0.10889830440282822
ARQ4,4,950,89,0.8410999774932861,0.7898333072662354,0.5884333252906799,0.59170001745224,0.6214333176612854,0.6864999771118164,0.10716035217046738
ARQ8,8,950,177,0.8015333414077759,0.8866000175476074,0.9509000182151794,0.8405666947364807,0.7214333415031433,0.8402066230773926,0.07747028023004532
ARQ16,16,950,353,0.9472000002861023,0.9556999802589417,0.926966667175293,0.9089333415031433,0.9247666597366333,0.9327133178710938,0.01673267036676407
ARQ64,64,950,1349,0.9690666794776917,0.9464666843414307,0.9456999897956848,0.9456999897956848,0.9537666440010071,0.952139949798584,0.008992134593427181
ARQ128,128,950,2697,0.95660001039505,0.975433349609375,0.9680666923522949,0.9642333388328552,0.9537666440010071,0.9636199951171875,0.007823980413377285
ARQ256,256,950,5393,0.9880333542823792,0.9861999750137329,0.9886666536331177,0.9653666615486145,0.9867333173751831,0.9829999923706054,0.008860674686729908
ARQ300,300,950,6321,0.98826664686203,0.9879000186920166,0.973966658115387,0.9883666634559631,0.9854666590690613,0.9847932815551758,0.005516418255865574
ARQ350,350,950,7361,0.9875666499137878,0.9751999974250793,0.9916333556175232,0.9952999949455261,0.9663333296775818,0.9832066535949707,0.010817424394190311
ARQ400,400,950,8421,0.996399998664856,0.9740999937057495,0.990933358669281,0.9724666476249695,0.9764999747276306,0.9820799827575684,0.009702350944280624
ARQ450,450,950,9461,0.5,0.9782666563987732,0.9758999943733215,0.857200026512146,0.9773333072662354,0.8577400207519531,0.18480758368968964
ARQ500,500,950,10521,0.5,0.8837666511535645,0.9696333408355713,0.9774666428565979,0.951200008392334,0.8564132690429688,0.18123787641525269
ARQ550,550,950,11561,0.5,0.991599977016449,0.9850000143051147,0.8239666819572449,0.5,0.7601133823394776,0.2207057774066925
ARQ600,600,950,12621,0.9385666847229004,0.5,0.5,0.8585000038146973,0.5,0.6594133377075195,0.19687555730342865
ARQ2,2,1000,45,0.7407000064849854,0.7202333211898804,0.7072666883468628,0.5322333574295044,0.6545666456222534,0.6710000038146973,0.07499802857637405
ARQ4,4,1000,89,0.7679666876792908,0.7430999875068665,0.8547999858856201,0.5473999977111816,0.6728333234786987,0.7172200202941894,0.10293906927108765
ARQ8,8,1000,177,0.8715999722480774,0.7427666783332825,0.6621333360671997,0.7682333588600159,0.8306999802589417,0.7750866413116455,0.07246746122837067
ARQ16,16,1000,353,0.8782333135604858,0.8959000110626221,0.8657666444778442,0.8622999787330627,0.918666660785675,0.8841732978820801,0.0208798386156559
ARQ64,64,1000,1349,0.9702666401863098,0.9347666501998901,0.9146333336830139,0.9415333271026611,0.9563999772071838,0.9435199737548828,0.018954070284962654
ARQ128,128,1000,2697,0.9750999808311462,0.9745333194732666,0.9800333380699158,0.9698333144187927,0.9555666446685791,0.971013355255127,0.008371906355023384
ARQ256,256,1000,5393,0.9881333112716675,0.9890000224113464,0.9731333255767822,0.9792333245277405,0.9781333208084106,0.9815266609191895,0.006110993213951588
ARQ300,300,1000,6321,0.9879999756813049,0.9801999926567078,0.9882333278656006,0.9590666890144348,0.9841333627700806,0.9799266815185547,0.01083594560623169
ARQ350,350,1000,7361,0.9796666502952576,0.9660666584968567,0.9797333478927612,0.981333315372467,0.980400025844574,0.9774399757385254,0.005718215834349394
ARQ400,400,1000,8421,0.9760666489601135,0.9905999898910522,0.9648333191871643,0.9732999801635742,0.9810000061988831,0.9771599769592285,0.008525505661964417
ARQ450,450,1000,9461,0.96506667137146,0.9803333282470703,0.9699000120162964,0.9789000153541565,0.9726333618164062,0.973366641998291,0.005667409859597683
ARQ500,500,1000,10521,0.9729666709899902,0.9869999885559082,0.9724000096321106,0.9764000177383423,0.8323666453361511,0.9482266426086425,0.058167122304439545
ARQ550,550,1000,11561,0.9312000274658203,0.5,0.9682000279426575,0.5,0.9599999785423279,0.7718800067901611,0.2223290503025055
ARQ600,600,1000,12621,0.5,0.9654333591461182,0.9666000008583069,0.9746999740600586,0.9867333173751831,0.8786932945251464,0.18949931859970093
ARQ2,2,1050,45,0.7217666506767273,0.6726333498954773,0.7324333190917969,0.706933319568634,0.7079333066940308,0.7083399772644043,0.0201884713023901
ARQ4,4,1050,89,0.7134666442871094,0.7297333478927612,0.7931333184242249,0.8679999709129333,0.7411333322525024,0.7690933227539063,0.05618850886821747
ARQ8,8,1050,177,0.8913333415985107,0.9057666659355164,0.8312666416168213,0.9236666560173035,0.8488666415214539,0.8801799774169922,0.034765519201755524
ARQ16,16,1050,353,0.925000011920929,0.9146333336830139,0.8776999711990356,0.9289000034332275,0.9361000061035156,0.9164667129516602,0.020586848258972168
ARQ64,64,1050,1349,0.974399983882904,0.9657999873161316,0.9617000222206116,0.9293000102043152,0.972599983215332,0.9607600212097168,0.016384446993470192
ARQ128,128,1050,2697,0.9712333083152771,0.963100016117096,0.984333336353302,0.9662666916847229,0.9486666917800903,0.9667200088500977,0.011574379168450832
ARQ256,256,1050,5393,0.9773333072662354,0.973800003528595,0.9804999828338623,0.9673666954040527,0.9572333097457886,0.9712466239929199,0.008253713138401508
ARQ300,300,1050,6321,0.9787999987602234,0.9869999885559082,0.9925333261489868,0.984333336353302,0.9814333319664001,0.9848199844360351,0.004736972041428089
ARQ350,350,1050,7361,0.9760000109672546,0.9729666709899902,0.9758333563804626,0.9780333042144775,0.9905666708946228,0.9786800384521485,0.0061585549265146255
ARQ400,400,1050,8421,0.9832000136375427,0.9861999750137329,0.9760666489601135,0.9878666400909424,0.9890000224113464,0.9844666481018066,0.00463206646963954
ARQ450,450,1050,9461,0.9612333178520203,0.9793999791145325,0.9723333120346069,0.9872333407402039,0.9973000288009644,0.9795000076293945,0.012342517264187336
ARQ500,500,1050,10521,0.9943666458129883,0.9838333129882812,0.5,0.5,0.9945999979972839,0.7945600032806397,0.24053867161273956
ARQ550,550,1050,11561,0.5,0.5,0.9674000144004822,0.9677000045776367,0.5051000118255615,0.688040018081665,0.22822658717632294
ARQ600,600,1050,12621,0.5,0.5,0.8838000297546387,0.5,0.5,0.5767600059509277,0.15352001786231995
ARQ2,2,1100,45,0.613099992275238,0.4952999949455261,0.7419999837875366,0.6697333455085754,0.5485666394233704,0.6137399673461914,0.0870194137096405
ARQ4,4,1100,89,0.6715333461761475,0.8399666547775269,0.5235999822616577,0.4650999903678894,0.6174666881561279,0.6235333442687988,0.12982448935508728
ARQ8,8,1100,177,0.940833330154419,0.8233000040054321,0.8806999921798706,0.8858000040054321,0.8516666889190674,0.876460075378418,0.039216913282871246
ARQ16,16,1100,353,0.9492666721343994,0.893666684627533,0.899399995803833,0.842033326625824,0.875333309173584,0.8919400215148926,0.03496123105287552
ARQ64,64,1100,1349,0.9760666489601135,0.9550666809082031,0.963699996471405,0.9562666416168213,0.8940333127975464,0.9490266799926758,0.0284943338483572
ARQ128,128,1100,2697,0.9826333522796631,0.9825666546821594,0.9769333600997925,0.9855333566665649,0.9425666928291321,0.9740467071533203,0.01598491333425045
ARQ256,256,1100,5393,0.9855999946594238,0.9761333465576172,0.98089998960495,0.9633333086967468,0.9864333271980286,0.978480052947998,0.008423006162047386
ARQ300,300,1100,6321,0.9643666744232178,0.98253333568573,0.9876000285148621,0.9911333322525024,0.9799666404724121,0.9811200141906739,0.009233192540705204
ARQ350,350,1100,7361,0.9744333624839783,0.989466667175293,0.9908000230789185,0.9847000241279602,0.9839000105857849,0.9846599578857422,0.005761375185102224
ARQ400,400,1100,8421,0.9922666549682617,0.9313666820526123,0.9759666919708252,0.9855999946594238,0.9854333400726318,0.9741266250610352,0.022001542150974274
ARQ450,450,1100,9461,0.9642333388328552,0.9527333378791809,0.9796333312988281,0.9838666915893555,0.9785000085830688,0.9717933654785156,0.01159868948161602
ARQ500,500,1100,10521,0.9779666662216187,0.9768333435058594,0.5,0.9570333361625671,0.95496666431427,0.8733600616455078,0.18692664802074432
ARQ550,550,1100,11561,0.9556333422660828,0.5,0.9847333431243896,0.5,0.5,0.6880733489990234,0.23052559792995453
ARQ600,600,1100,12621,0.9870333075523376,0.5,0.9769666790962219,0.5,0.5,0.6927999973297119,0.2361522614955902
ARQ2,2,1150,45,0.7786666750907898,0.6478999853134155,0.7232333421707153,0.5572333335876465,0.8607000112533569,0.7135466575622559,0.10462494939565659
ARQ4,4,1150,89,0.8118666410446167,0.6585000157356262,0.6256999969482422,0.659166693687439,0.6179333329200745,0.6746333122253418,0.07062838226556778
ARQ8,8,1150,177,0.8299333453178406,0.8333333134651184,0.8383333086967468,0.8262666463851929,0.8501666784286499,0.8356066703796386,0.008294807747006416
ARQ16,16,1150,353,0.9032666683197021,0.8877333402633667,0.9297666549682617,0.8906000256538391,0.8599333167076111,0.8942599296569824,0.02269870601594448
ARQ64,64,1150,1349,0.9358000159263611,0.9172666668891907,0.9628999829292297,0.9837333559989929,0.9392666816711426,0.9477933883666992,0.02310115471482277
ARQ128,128,1150,2697,0.9567000269889832,0.9836333394050598,0.9866999983787537,0.9756666421890259,0.9746999740600586,0.9754799842834473,0.010446971282362938
ARQ256,256,1150,5393,0.9824333190917969,0.9948333501815796,0.9870666861534119,0.9739000201225281,0.9756666421890259,0.9827799797058105,0.007658107206225395
ARQ300,300,1150,6321,0.9794333577156067,0.9819333553314209,0.9855666756629944,0.9788333177566528,0.9889333248138428,0.9829399108886718,0.0038208398036658764
ARQ350,350,1150,7361,0.987933337688446,0.9830666780471802,0.9775999784469604,0.9810666441917419,0.5,0.8859333038330078,0.19299562275409698
ARQ400,400,1150,8421,0.9920333623886108,0.9562666416168213,0.9971333146095276,0.9732000231742859,0.9823333621025085,0.9801933288574218,0.014512903988361359
ARQ450,450,1150,9461,0.9765999913215637,0.9866666793823242,0.9686333537101746,0.9896666407585144,0.9965000152587891,0.983613395690918,0.009855138137936592
ARQ500,500,1150,10521,0.9407333135604858,0.9872000217437744,0.9863666892051697,0.9899333119392395,0.9860000014305115,0.9780466079711914,0.018707435578107834
ARQ550,550,1150,11561,0.9923333525657654,0.5,0.9810666441917419,0.9681666493415833,0.9470999836921692,0.8777333259582519,0.18946415185928345
ARQ600,600,1150,12621,0.5,0.5,0.8828999996185303,0.5,0.9356333613395691,0.6637066841125489,0.20119117200374603
ARQ2,2,1200,45,0.6904507279396057,0.6664774417877197,0.7762270569801331,0.5708180069923401,0.555959939956665,0.6519865989685059,0.08115987479686737
ARQ4,4,1200,89,0.6457762718200684,0.7388981580734253,0.710016667842865,0.7826043367385864,0.7458430528640747,0.724627685546875,0.04570789262652397
ARQ8,8,1200,177,0.9179298877716064,0.8820367455482483,0.7071786522865295,0.8875125050544739,0.8061769604682922,0.8401669502258301,0.07600390166044235
ARQ16,16,1200,353,0.8986978530883789,0.8627712726593018,0.8809015154838562,0.9324874877929688,0.9543906450271606,0.9058497428894043,0.03345177695155144
ARQ64,64,1200,1349,0.9538230299949646,0.9521201848983765,0.9388981461524963,0.9616694450378418,0.9738564491271973,0.9560733795166015,0.011517239734530449
ARQ128,128,1200,2697,0.9584975242614746,0.9707512259483337,0.9866443872451782,0.9640066623687744,0.9806010127067566,0.9721001625061035,0.010355240665376186
ARQ256,256,1200,5393,0.9796661138534546,0.9711853265762329,0.9803338646888733,0.9919866323471069,0.9750584363937378,0.979646110534668,0.0070056188851594925
ARQ300,300,1200,6321,0.9707178473472595,0.9822370409965515,0.981969952583313,0.9776293635368347,0.990350604057312,0.980580997467041,0.0064204479567706585
ARQ350,350,1200,7361,0.9891485571861267,0.9840067028999329,0.982904851436615,0.9913856387138367,0.9754257202148438,0.9845743179321289,0.005552006885409355
ARQ400,400,1200,8421,0.9641068577766418,0.9576961398124695,0.9832053184509277,0.9882470965385437,0.9744908213615417,0.9735492706298828,0.01140730269253254
ARQ450,450,1200,9461,0.9844741225242615,0.9837061762809753,0.9750250577926636,0.9780300259590149,0.9956260323524475,0.9833723068237304,0.007066764403134584
ARQ500,500,1200,10521,0.971752941608429,0.9528213739395142,0.8932554125785828,0.9770951867103577,0.9830718040466309,0.9555994033813476,0.03277873992919922
ARQ550,550,1200,11561,0.7285475730895996,0.49916526675224304,0.49916526675224304,0.5002003312110901,0.9714190363883972,0.6396995067596436,0.1880912482738495
ARQ600,600,1200,12621,0.500567615032196,0.4997662901878357,0.9598998427391052,0.9686143398284912,0.5004006624221802,0.6858497619628906,0.22733549773693085
ARQ2,2,1250,45,0.5528333187103271,0.5285999774932861,0.4925333261489868,0.8256666660308838,0.7386000156402588,0.6276466846466064,0.13052621483802795
ARQ4,4,1250,89,0.774399995803833,0.7591333389282227,0.8889999985694885,0.5971333384513855,0.8277333378791809,0.7694799900054932,0.0974813923239708
ARQ8,8,1250,177,0.8589333295822144,0.8655333518981934,0.76910001039505,0.8095666766166687,0.8765000104904175,0.8359267234802246,0.04052828624844551
ARQ16,16,1250,353,0.9331333041191101,0.894266664981842,0.9211999773979187,0.8968999981880188,0.9160666465759277,0.9123132705688477,0.014763361774384975
ARQ64,64,1250,1349,0.9311333298683167,0.9301666617393494,0.9736999869346619,0.9306666851043701,0.9784666895866394,0.9488266944885254,0.02230806089937687
ARQ128,128,1250,2697,0.9801999926567078,0.9700333476066589,0.989300012588501,0.9532333612442017,0.966866672039032,0.9719265937805176,0.012238536961376667
ARQ256,256,1250,5393,0.9871666431427002,0.9877333045005798,0.9805999994277954,0.9909666776657104,0.9819333553314209,0.9856800079345703,0.00385276204906404
ARQ300,300,1250,6321,0.9832333326339722,0.9929333329200745,0.9841333627700806,0.9890000224113464,0.996833324432373,0.9892267227172852,0.005167470779269934
ARQ350,350,1250,7361,0.9921000003814697,0.9846000075340271,0.9814666509628296,0.9903666377067566,0.9810333251953125,0.9859132766723633,0.0045479461550712585
ARQ400,400,1250,8421,0.977066695690155,0.9764333367347717,0.9830333590507507,0.9897333383560181,0.9837666749954224,0.9820066452026367,0.004885048605501652
ARQ450,450,1250,9461,0.977733314037323,0.9748333096504211,0.978766679763794,0.9868333339691162,0.9710333347320557,0.9778400421142578,0.0052368128672242165
ARQ500,500,1250,10521,0.9787999987602234,0.983299970626831,0.9809333086013794,0.9783333539962769,0.993233323097229,0.982919979095459,0.005449177697300911
ARQ550,550,1250,11561,0.5,0.5,0.9383666515350342,0.992900013923645,0.9830333590507507,0.7828600406646729,0.23168429732322693
ARQ600,600,1250,12621,0.9591333270072937,0.5,0.5,0.5,0.5,0.5918266773223877,0.183653324842453
ARQ2,2,1300,45,0.5522333383560181,0.5612333416938782,0.43186667561531067,0.7157999873161316,0.5946000218391418,0.5711466789245605,0.09091705083847046
ARQ4,4,1300,89,0.8895333409309387,0.7714666724205017,0.6450999975204468,0.7125666737556458,0.7319999933242798,0.7501333236694336,0.0808202251791954
ARQ8,8,1300,177,0.850266695022583,0.8015000224113464,0.9253333210945129,0.8575000166893005,0.828166663646698,0.8525533676147461,0.04129836708307266
ARQ16,16,1300,353,0.9577333331108093,0.90993332862854,0.9520666599273682,0.9600666761398315,0.8877333402633667,0.9335066795349121,0.02928391471505165
ARQ64,64,1300,1349,0.9445000290870667,0.9762666821479797,0.9318000078201294,0.9375666379928589,0.9445000290870667,0.9469266891479492,0.015421021729707718
ARQ128,128,1300,2697,0.9797666668891907,0.9546666741371155,0.9614333510398865,0.9580333232879639,0.9651666879653931,0.963813304901123,0.008707176893949509
ARQ256,256,1300,5393,0.9806333184242249,0.9851999878883362,0.9729999899864197,0.9913333058357239,0.9861999750137329,0.9832733154296875,0.00616038404405117
ARQ300,300,1300,6321,0.9860333204269409,0.9894000291824341,0.972599983215332,0.9954333305358887,0.991433322429657,0.9869799613952637,0.007808053866028786
ARQ350,350,1300,7361,0.5,0.972000002861023,0.9761000275611877,0.9886333346366882,0.9789000153541565,0.8831267356872559,0.19164171814918518
ARQ400,400,1300,8421,0.967199981212616,0.9768999814987183,0.9824000000953674,0.9805999994277954,0.9915000200271606,0.9797199249267579,0.00789213553071022
ARQ450,450,1300,9461,0.9936333298683167,0.9891999959945679,0.9810666441917419,0.9844666719436646,0.9810666441917419,0.9858866691589355,0.004888160619884729
ARQ500,500,1300,10521,0.9736999869346619,0.9850000143051147,0.9873666763305664,0.977066695690155,0.5,0.8846266746520997,0.19237837195396423
ARQ550,550,1300,11561,0.5,0.9529333114624023,0.965833306312561,0.5,0.9781000018119812,0.77937331199646,0.22824618220329285
ARQ600,600,1300,12621,0.5274333357810974,0.5,0.5,0.9863333106040955,0.5,0.6027533531188964,0.19208405911922455
