ARQ2,2,50,27,0.8789144158363342,0.4655532240867615,0.4655532240867615,0.5344467759132385,0.5219206809997559,0.5732776641845703,0.15541447699069977
ARQ2,2,99,27,0.4375,0.5833333134651184,0.793749988079071,0.5249999761581421,0.4645833373069763,0.5608333587646485,0.12689808011054993
ARQ2,2,150,27,0.6651356816291809,0.8458455204963684,0.8527766466140747,0.8543214797973633,0.5589979290962219,0.7554154396057129,0.12179448455572128
ARQ2,2,199,27,0.7307916879653931,0.4241666793823242,0.6949999928474426,0.5553333163261414,0.7978333234786987,0.640625,0.1341118961572647
ARQ2,2,250,27,0.5344467759132385,0.6936116814613342,0.7102296352386475,0.6227974891662598,0.6712734699249268,0.6464718341827392,0.06326520442962646
ARQ2,2,299,27,0.4468333423137665,0.8832499980926514,0.8382499814033508,0.7224166393280029,0.7773333191871643,0.7336166381835938,0.153375044465065
ARQ2,2,350,27,0.6864718198776245,0.5344467759132385,0.7465970516204834,0.6083924770355225,0.7991231679916382,0.6750062942504883,0.09471649676561356
ARQ2,2,399,27,0.9155416488647461,0.44470834732055664,0.6222083568572998,0.784250020980835,0.7737500071525574,0.7080916881561279,0.16117897629737854
ARQ2,2,450,27,0.7791231870651245,0.6268476247787476,0.7847599387168884,0.7286847829818726,0.5344467759132385,0.6907724380493164,0.09654112905263901
ARQ2,2,499,27,0.8220000267028809,0.8575833439826965,0.609499990940094,0.9721249938011169,0.875041663646698,0.8272500038146973,0.11969590187072754
ARQ2,2,550,27,0.9726095795631409,0.8541127443313599,0.9139874577522278,0.7887682914733887,0.6990814208984375,0.8457118988037109,0.09547588229179382
ARQ2,2,600,27,0.8218789100646973,0.5346555113792419,0.46342378854751587,0.9120250344276428,0.6534029245376587,0.6770771980285645,0.1689143031835556
ARQ2,2,649,27,0.6158333420753479,0.5354166626930237,0.4388333261013031,0.828499972820282,0.6936666369438171,0.6224500179290772,0.13331322371959686
ARQ2,2,700,27,0.6807515621185303,0.9397494792938232,0.6797077059745789,0.5312734842300415,0.8708977103233337,0.7404760360717774,0.14679592847824097
ARQ2,2,749,27,0.5354166626930237,0.7979999780654907,0.7193333506584167,0.871874988079071,0.8090000152587891,0.7467250347137451,0.11625088006258011
ARQ2,2,800,27,0.6053861975669861,0.9003757834434509,0.5344467759132385,0.5210021138191223,0.6211273670196533,0.6364676475524902,0.13754232227802277
ARQ2,2,849,27,0.5354166626930237,0.8574583530426025,0.6365833282470703,0.7430416941642761,0.6285833120346069,0.6802166938781739,0.11036168783903122
ARQ2,2,900,27,0.7013778686523438,0.8614614009857178,0.5950730443000793,0.6721503138542175,0.4380793273448944,0.6536283969879151,0.13835299015045166
ARQ2,2,949,27,0.5167083144187927,0.8584166765213013,0.606124997138977,0.5786250233650208,0.7592916488647461,0.6638333320617675,0.12586615979671478
ARQ2,2,1000,27,0.6493527889251709,0.5282254815101624,0.5344467759132385,0.9107306599617004,0.8849686980247498,0.7015448570251465,0.16618569195270538
ARQ2,2,1049,27,0.4987500011920929,0.5381249785423279,0.7480000257492065,0.6741250157356262,0.9975833296775818,0.6913166999816894,0.17768368124961853
ARQ4,4,50,53,0.5365344285964966,0.48225468397140503,0.5448851585388184,0.43632566928863525,0.3590814173221588,0.4718162536621094,0.06870981305837631
ARQ4,4,99,53,0.5375000238418579,0.4645833373069763,0.4645833373069763,0.31041666865348816,0.4645833373069763,0.4483333587646484,0.07451696693897247
ARQ4,4,150,53,0.9205010533332825,0.8810855746269226,0.5634238123893738,0.7958663702011108,0.8154070973396301,0.7952567577362061,0.12426233291625977
ARQ4,4,199,53,0.7247916460037231,0.9459583163261414,0.5992083549499512,0.9601250290870667,0.9172083139419556,0.8294583320617676,0.14304982125759125
ARQ4,4,250,53,0.7421711683273315,0.9332358837127686,0.6911064982414246,0.8560751676559448,0.7345720529556274,0.7914320945739746,0.08945610374212265
ARQ4,4,299,53,0.8713750243186951,0.8788750171661377,0.7566249966621399,0.8560000061988831,0.5666249990463257,0.7859000205993653,0.11815489828586578
ARQ4,4,350,53,0.7761169075965881,0.9181210994720459,0.7299373745918274,0.7979122996330261,0.9660542607307434,0.8376283645629883,0.0893651694059372
ARQ4,4,399,53,0.468833327293396,0.9959583282470703,0.7590000033378601,0.918541669845581,0.7613333463668823,0.780733299255371,0.18080003559589386
ARQ4,4,450,53,0.681628406047821,0.9093528389930725,0.7454697489738464,0.7597077488899231,0.6759498715400696,0.7544217109680176,0.08434266597032547
ARQ4,4,499,53,0.7768750190734863,0.6790000200271606,0.8527500033378601,0.6550833582878113,0.6127499938011169,0.715291690826416,0.0873432606458664
ARQ4,4,550,53,0.9720668196678162,0.892150342464447,0.9393319487571716,0.722881019115448,0.919457197189331,0.8891775131225585,0.08713934570550919
ARQ4,4,600,53,0.6435490846633911,0.8627974987030029,0.9126095771789551,0.6843423843383789,0.7716910243034363,0.7749979496002197,0.1021311804652214
ARQ4,4,649,53,0.9964166879653931,0.5244583487510681,0.6826249957084656,0.7055416703224182,0.8167083263397217,0.7451499938964844,0.15648548305034637
ARQ4,4,700,53,0.7683925032615662,0.9794571995735168,0.939540684223175,0.8141127228736877,0.9028810262680054,0.8808768272399903,0.07842689752578735
ARQ4,4,749,53,0.6469583511352539,0.8804166913032532,0.9942083358764648,0.41579166054725647,0.5094166398048401,0.6893583297729492,0.21838144958019257
ARQ4,4,800,53,0.8063883185386658,0.9187056422233582,0.5133611559867859,0.6536534428596497,0.7460125088691711,0.7276241779327393,0.13742950558662415
ARQ4,4,849,53,0.7065416574478149,0.7934166789054871,0.8826249837875366,0.6952499747276306,0.9958333373069763,0.8147333145141602,0.1129978746175766
ARQ4,4,900,53,0.8843841552734375,0.8374530076980591,0.7862630486488342,0.842463493347168,0.7942797541618347,0.8289687156677246,0.0356428436934948
ARQ4,4,949,53,0.8739583492279053,0.8600416779518127,0.984541654586792,0.9848333597183228,0.9036666750907898,0.9214082717895508,0.05355498567223549
ARQ4,4,1000,53,0.9677244424819946,0.8627974987030029,0.8546137809753418,0.36864301562309265,0.837327778339386,0.778221321105957,0.20983247458934784
ARQ4,4,1049,53,0.9000416398048401,0.8738333582878113,0.9192500114440918,0.5407500267028809,0.8357083201408386,0.8139166831970215,0.1394256204366684
ARQ8,8,50,105,0.32776618003845215,0.6054279804229736,0.4655532240867615,0.5407097935676575,0.30897703766822815,0.449686861038208,0.11615172773599625
ARQ8,8,99,105,0.1458333283662796,0.512499988079071,0.47083333134651184,0.4479166567325592,0.17499999701976776,0.35041663646697996,0.156781867146492
ARQ8,8,150,105,0.9586221575737,0.6228809952735901,0.7863465547561646,0.6780375838279724,0.6724008321762085,0.7436576843261719,0.12000217288732529
ARQ8,8,199,105,0.7985833287239075,0.9527083039283752,0.7911666631698608,0.9961666464805603,0.9647083282470703,0.900666618347168,0.08756845444440842
ARQ8,8,250,105,0.8178288340568542,0.7743214964866638,0.9560334086418152,0.8343214988708496,0.6400834918022156,0.8045177459716797,0.10195379704236984
ARQ8,8,299,105,0.8181666731834412,0.9796666502952576,0.9086250066757202,0.9170833230018616,0.8496666550636292,0.8946416854858399,0.0562131404876709
ARQ8,8,350,105,0.8470981121063232,0.9500208497047424,0.8109394311904907,0.8693110942840576,0.9773277640342712,0.8909394264221191,0.06283853203058243
ARQ8,8,399,105,0.9361249804496765,0.8516666889190674,0.9658750295639038,0.9090416431427002,0.9169166684150696,0.9159250259399414,0.037631209939718246
ARQ8,8,450,105,0.9572024941444397,0.7511065006256104,0.9611273407936096,0.9986221194267273,0.8884342312812805,0.9112985610961915,0.0876353308558464
ARQ8,8,499,105,0.8897916674613953,0.9086250066757202,0.778333306312561,0.96875,0.734541654586792,0.8560083389282227,0.08649633079767227
ARQ8,8,550,105,0.9203757643699646,0.9083924889564514,0.9508559703826904,0.9388309121131897,0.7539874911308289,0.894488525390625,0.07176008075475693
ARQ8,8,600,105,0.6261795163154602,0.8845928907394409,0.9223381876945496,0.9270563721656799,0.9439665675163269,0.8608266830444335,0.11891710758209229
ARQ8,8,649,105,0.9598333239555359,0.9403333067893982,0.890458345413208,0.5557916760444641,0.9576249718666077,0.8608083724975586,0.15454314649105072
ARQ8,8,700,105,0.9956158399581909,0.9754071235656738,0.9206680655479431,0.9203757643699646,0.9045093655586243,0.9433152198791503,0.03552534803748131
ARQ8,8,749,105,0.9480416774749756,0.9410833120346069,0.8881250023841858,0.9487916827201843,0.7891250252723694,0.9030333518981933,0.06126130744814873
ARQ8,8,800,105,0.7923590540885925,0.9159498810768127,0.8409186005592346,0.905887246131897,0.9460542798042297,0.8802338600158691,0.055738192051649094
ARQ8,8,849,105,0.81229168176651,0.8933749794960022,0.9351249933242798,0.9930833578109741,0.8934999704360962,0.9054749488830567,0.05920690670609474
ARQ8,8,900,105,0.9172025322914124,0.8291440606117249,0.9989979267120361,0.978455126285553,0.8419206738471985,0.9131441116333008,0.06896616518497467
ARQ8,8,949,105,0.859041690826416,0.9017083048820496,0.824833333492279,0.918958306312561,0.9789583086967468,0.8967000007629394,0.052668604999780655
ARQ8,8,1000,105,0.907098114490509,0.8981210589408875,0.9610021114349365,0.7224217057228088,0.8845928907394409,0.8746471405029297,0.08041489124298096
ARQ8,8,1049,105,0.9305416941642761,0.6937916874885559,0.8552083373069763,0.877958357334137,0.9744166731834412,0.8663833618164063,0.09574365615844727
ARQ16,16,50,198,0.2734864354133606,0.5636743307113647,0.5407097935676575,0.46346554160118103,0.5344467759132385,0.4751565933227539,0.10625956207513809
ARQ16,16,99,198,0.11874999850988388,0.46666666865348816,0.5520833134651184,0.08958332985639572,0.574999988079071,0.3604166507720947,0.21252040565013885
ARQ16,16,150,198,0.885803759098053,0.9382463693618774,0.8596242070198059,0.8734028935432434,0.9500208497047424,0.9014196395874023,0.03603869676589966
ARQ16,16,199,198,0.9993333220481873,0.8445833325386047,0.9672083258628845,0.9085000157356262,0.8699166774749756,0.9179082870483398,0.05801514908671379
ARQ16,16,250,198,0.9553235769271851,0.8850104212760925,0.8950730562210083,0.9266805648803711,0.7526931166648865,0.8829561233520508,0.06966830790042877
ARQ16,16,299,198,0.9505000114440918,0.9444166421890259,0.9067500233650208,0.9067083597183228,0.8425416946411133,0.910183334350586,0.03846194967627525
ARQ16,16,350,198,0.9287264943122864,0.9200000166893005,0.9740292429924011,0.9622129201889038,0.9482672214508057,0.9466472625732422,0.020129164680838585
ARQ16,16,399,198,0.9097916483879089,0.9041666388511658,0.9391250014305115,0.768750011920929,0.9640416502952576,0.8971749305725097,0.06772295385599136
ARQ16,16,450,198,0.817620038986206,0.9999582171440125,0.9693528413772583,0.8894780874252319,0.9183716177940369,0.918956184387207,0.06362305581569672
ARQ16,16,499,198,0.921791672706604,0.9079166650772095,0.9829583168029785,0.9024166464805603,0.8621249794960022,0.9154417037963867,0.03916060924530029
ARQ16,16,550,198,0.9953235983848572,0.9240500926971436,0.9715657830238342,0.9127765893936157,0.9426304697990417,0.9492692947387695,0.0304300244897604
ARQ16,16,600,198,0.8527766466140747,0.9319832921028137,0.8578287959098816,0.9268475770950317,0.9623382091522217,0.9063549041748047,0.04344262182712555
ARQ16,16,649,198,0.8849999904632568,0.9548749923706055,0.8790416717529297,0.8715416789054871,0.8013333082199097,0.8783583641052246,0.04874156042933464
ARQ16,16,700,198,0.9554905891418457,0.9362421631813049,0.9513152241706848,0.9321920871734619,0.9846346378326416,0.9519748687744141,0.01853824406862259
ARQ16,16,749,198,0.9913333058357239,0.9838749766349792,0.9557916522026062,0.9667500257492065,0.9872083067893982,0.9769916534423828,0.013503882102668285
ARQ16,16,800,198,0.9705219268798828,0.9760333895683289,0.9346137642860413,0.8318997621536255,0.9593737125396729,0.9344884872436523,0.053231801837682724
ARQ16,16,849,198,0.8166666626930237,0.7620416879653931,0.9259166717529297,0.9975416660308838,0.9913333058357239,0.8987000465393067,0.09433590620756149
ARQ16,16,900,198,0.8760334253311157,0.9961586594581604,0.9437578320503235,0.8010855913162231,0.9635908007621765,0.9161252021789551,0.06966112554073334
ARQ16,16,949,198,0.9920833110809326,0.8601250052452087,0.9210833311080933,0.8725416660308838,0.9837083220481873,0.9259082794189453,0.05462361127138138
ARQ16,16,1000,198,0.8705219030380249,0.9705219268798828,0.9354071021080017,0.9340710043907166,0.9068893790245056,0.9234822273254395,0.03330818563699722
ARQ16,16,1049,198,0.9864583611488342,0.5335833430290222,0.9347500205039978,0.8917083144187927,0.9913750290870667,0.8675750732421875,0.1709415167570114
ARQ32,32,50,395,0.6847599148750305,0.3444676399230957,0.5240083336830139,0.4947807788848877,0.5344467759132385,0.5164926528930665,0.10840361565351486
ARQ32,32,99,395,0.2979166805744171,0.46666666865348816,0.4729166626930237,0.5354166626930237,0.5354166626930237,0.4616666316986084,0.08699855953454971
ARQ32,32,150,395,0.9711064696311951,0.9276409149169922,0.9109394550323486,0.9909394383430481,0.9711064696311951,0.9543465614318848,0.02999398484826088
ARQ32,32,199,395,0.9959999918937683,0.9826250076293945,0.9904166460037231,0.9067500233650208,0.9707916378974915,0.9693166732788085,0.032407041639089584
ARQ32,32,250,395,0.9437160491943359,0.9258037805557251,0.9899373650550842,0.9103131294250488,0.9015448689460754,0.934263038635254,0.03131972625851631
ARQ32,32,299,395,0.9008333086967468,0.9267500042915344,0.9158333539962769,0.887583315372467,0.9785000085830688,0.9218999862670898,0.031258050352334976
ARQ32,32,350,395,0.9770354628562927,0.8518998026847839,0.9924843311309814,0.9530271291732788,0.9478914141654968,0.9444676399230957,0.04903072118759155
ARQ32,32,399,395,0.9962083101272583,0.9821666479110718,0.9869999885559082,0.9182083606719971,0.9295833110809326,0.9626333236694335,0.03215103596448898
ARQ32,32,450,395,0.978455126285553,0.9889770150184631,0.9731941819190979,0.9536534547805786,0.9620876908302307,0.9712735176086426,0.012357381172478199
ARQ32,32,499,395,0.9881666898727417,0.9632916450500488,0.9754166603088379,0.9078750014305115,0.9595416784286499,0.9588583946228028,0.027395544573664665
ARQ32,32,550,395,0.9849686622619629,0.9851356744766235,0.8828809857368469,0.9833402633666992,0.9877244234085083,0.9648099899291992,0.040988557040691376
ARQ32,32,600,395,0.9161168932914734,0.9190396666526794,0.9907724261283875,0.8846346735954285,0.9553653597831726,0.9331857681274414,0.036487873643636703
ARQ32,32,649,395,0.9303749799728394,0.9429166913032532,0.9637500047683716,0.9939583539962769,0.9786666631698608,0.9619334220886231,0.023093154653906822
ARQ32,32,700,395,0.9816701412200928,0.9317327737808228,0.9493945837020874,0.9830062389373779,0.9965344667434692,0.9684676170349121,0.024027716368436813
ARQ32,32,749,395,0.9554583430290222,0.9333333373069763,0.9909999966621399,0.9955416917800903,0.9921249747276306,0.9734916687011719,0.024810632690787315
ARQ32,32,800,395,0.9731941819190979,0.997077226638794,0.8900208473205566,0.9362421631813049,0.9333611726760864,0.945979118347168,0.036707017570734024
ARQ32,32,849,395,0.9483333230018616,0.9623749852180481,0.9942083358764648,0.9643333554267883,0.9804166555404663,0.9699333190917969,0.015838084742426872
ARQ32,32,900,395,0.9905219078063965,0.9668475985527039,0.9696868658065796,0.9923173189163208,0.9229227304458618,0.9684592247009277,0.02503456547856331
ARQ32,32,949,395,0.9898750185966492,0.9175416827201843,0.9626250267028809,0.9121666550636292,0.8953333497047424,0.9355083465576172,0.03513606637716293
ARQ32,32,1000,395,0.9829645156860352,0.8816701173782349,0.9571607708930969,0.9947390556335449,0.9651356935501099,0.9563340187072754,0.03959035500884056
ARQ32,32,1049,395,0.9495000243186951,0.9957916736602783,0.9458749890327454,0.9474583268165588,0.9818750023841858,0.9640999794006347,0.020700572058558464
ARQ64,64,50,778,0.49269309639930725,0.34655532240867615,0.35699373483657837,0.5135699510574341,0.5344467759132385,0.4488517761230469,0.08042322099208832
ARQ64,64,99,778,0.4645833373069763,0.3604166805744171,0.4645833373069763,0.7270833253860474,0.5,0.5033333778381348,0.12124640494585037
ARQ64,64,150,778,0.9138204455375671,0.9147390127182007,0.9754906296730042,0.9400417804718018,0.9215449094772339,0.9331273078918457,0.02318403497338295
ARQ64,64,199,778,0.9357500076293945,0.9504166841506958,0.9942083358764648,0.971833348274231,0.9597916603088379,0.962399959564209,0.01980597712099552
ARQ64,64,250,778,0.9473903775215149,0.9726513624191284,0.9394989609718323,0.9860543012619019,0.9887264966964722,0.9668642997741699,0.020038949325680733
ARQ64,64,299,778,0.9947916865348816,0.9525416493415833,0.9663749933242798,0.9850000143051147,0.9666666388511658,0.973075008392334,0.01497595477849245
ARQ64,64,350,778,0.9436743259429932,0.978204607963562,0.9415448904037476,0.9577035307884216,0.9946972727775574,0.9631649017333984,0.020482271909713745
ARQ64,64,399,778,0.9797499775886536,0.9903333187103271,0.9790416955947876,0.9816666841506958,0.9946249723434448,0.9850832939147949,0.006248596590012312
ARQ64,64,450,778,0.9810855984687805,0.9437578320503235,0.9475573897361755,0.9608350992202759,0.919331967830658,0.9505135536193847,0.020336441695690155
ARQ64,64,499,778,0.9905416369438171,0.9808333516120911,0.9790416955947876,0.9639999866485596,0.9941250085830688,0.9817083358764649,0.010522957891225815
ARQ64,64,550,778,0.969269335269928,0.9985803961753845,0.9734029173851013,0.9793736934661865,0.9628810286521912,0.9767014503479003,0.012189749628305435
ARQ64,64,600,778,0.9379540681838989,0.8842588663101196,0.9488517642021179,0.9444676637649536,0.969895601272583,0.9370855331420899,0.028498603031039238
ARQ64,64,649,778,0.8967499732971191,0.9635833501815796,0.9449999928474426,0.9808333516120911,0.9746249914169312,0.9521583557128906,0.030261747539043427
ARQ64,64,700,778,0.9561169147491455,0.9729436039924622,0.9987056255340576,0.9993319511413574,0.9937787055969238,0.9841753005981445,0.017008842900395393
ARQ64,64,749,778,0.9602916836738586,0.9625416398048401,0.9922083616256714,0.9651666879653931,0.9824583530426025,0.9725334167480468,0.012566400691866875
ARQ64,64,800,778,0.9840500950813293,0.9246346354484558,0.969269335269928,0.9553653597831726,0.9680584669113159,0.9602755546569824,0.020005378872156143
ARQ64,64,849,778,0.9783333539962769,0.9982083439826965,0.9894999861717224,0.9487916827201843,0.9384583234786987,0.9706583976745605,0.02318580634891987
ARQ64,64,900,778,0.993402898311615,0.9973277449607849,0.9633820652961731,0.9562004208564758,0.9807515740394592,0.9782129287719726,0.016168247908353806
ARQ64,64,949,778,0.9915833473205566,0.9591666460037231,0.9323750138282776,0.9775416851043701,0.996791660785675,0.9714917182922364,0.02350483648478985
ARQ64,64,1000,778,0.9731941819190979,0.9364926815032959,0.9853444695472717,0.9924843311309814,0.9773277640342712,0.9729686737060547,0.01940912939608097
ARQ64,64,1049,778,0.9828749895095825,0.9757083058357239,0.9897916913032532,0.9982500076293945,0.9859583377838135,0.9865166664123535,0.007467145565897226
ARQ128,128,50,1544,0.38413360714912415,0.4655532240867615,0.4655532240867615,0.5344467759132385,0.5135699510574341,0.47265138626098635,0.05182502046227455
ARQ128,128,99,1544,0.4645833373069763,0.5354166626930237,0.4645833373069763,0.5354166626930237,0.4645833373069763,0.4929166793823242,0.03470110148191452
ARQ128,128,150,1544,0.9892693161964417,0.9785386323928833,0.955198347568512,0.9201670289039612,0.9642171263694763,0.9614780426025391,0.023735862225294113
ARQ128,128,199,1544,0.9913750290870667,0.9880833625793457,0.9962916374206543,0.9631249904632568,0.952750027179718,0.9783249855041504,0.01716652885079384
ARQ128,128,250,1544,0.9370772242546082,0.937453031539917,0.9698538780212402,0.9929853677749634,0.9682254791259766,0.9611189842224122,0.021355798467993736
ARQ128,128,299,1544,0.9775416851043701,0.9892083406448364,0.9706249833106995,0.9852499961853027,0.953208327293396,0.9751667022705078,0.012706520967185497
ARQ128,128,350,1544,0.9559916257858276,0.9472651481628418,0.9949060678482056,0.9634237885475159,0.9688935279846191,0.966096019744873,0.016134969890117645
ARQ128,128,399,1544,0.9642500281333923,0.9558749794960022,0.9907083511352539,0.9863749742507935,0.9723333120346069,0.9739083290100098,0.013104374520480633
ARQ128,128,450,1544,0.9475156664848328,0.9820876717567444,0.994864284992218,0.9469311237335205,0.5344467759132385,0.8811691284179688,0.17438694834709167
ARQ128,128,499,1544,0.9616666436195374,0.996791660785675,0.9816666841506958,0.984499990940094,0.9948333501815796,0.9838916778564453,0.012533176690340042
ARQ128,128,550,1544,0.5344467759132385,0.9654279947280884,0.9855949878692627,0.9983716011047363,0.9934864044189453,0.8954655647277832,0.1808592528104782
ARQ128,128,600,1544,0.9894363284111023,0.9491022825241089,0.941252589225769,0.9508141875267029,0.9551565647125244,0.9571523666381836,0.016757188364863396
ARQ128,128,649,1544,0.9817916750907898,0.9804999828338623,0.9885833263397217,1.0,0.9917083382606506,0.9885167121887207,0.007092966232448816
ARQ128,128,700,1544,0.9706471562385559,0.9984133839607239,0.9845929145812988,0.9887682795524597,0.9966596961021423,0.9878162384033203,0.009965739212930202
ARQ128,128,749,1544,0.9593750238418579,0.9802083373069763,0.9895833134651184,0.9380000233650208,0.9822916388511658,0.9698916435241699,0.018844790756702423
ARQ128,128,800,1544,0.9958664178848267,0.9887682795524597,0.9973695278167725,0.9901461601257324,0.9860960245132446,0.9916492462158203,0.004287275951355696
ARQ128,128,849,1544,0.9983749985694885,0.9551249742507935,0.9980833530426025,0.981041669845581,0.9832916855812073,0.9831833839416504,0.015777625143527985
ARQ128,128,900,1544,0.9967014789581299,0.9741127490997314,0.970981240272522,0.9922338128089905,0.9616701602935791,0.9791399002075195,0.013243015855550766
ARQ128,128,949,1544,0.9797499775886536,0.9964583516120911,0.9952916502952576,0.9711250066757202,0.9733333587646484,0.9831916809082031,0.010742907412350178
ARQ128,128,1000,1544,0.9422547221183777,0.9633402824401855,0.9957828521728516,0.994613766670227,0.9880584478378296,0.976810073852539,0.020875684916973114
ARQ128,128,1049,1544,0.9428333044052124,0.9949583411216736,0.9958750009536743,0.9854999780654907,0.9878749847412109,0.9814083099365234,0.019695071503520012
ARQ256,256,50,3076,0.4655532240867615,0.4655532240867615,0.4655532240867615,0.4655532240867615,0.4655532240867615,0.46555323600769044,0.0
ARQ256,256,99,3076,0.5354166626930237,0.4645833373069763,0.4645833373069763,0.4645833373069763,0.4645833373069763,0.47875003814697265,0.028333330526947975
ARQ256,256,150,3076,0.5344467759132385,0.5344467759132385,0.5344467759132385,0.956910252571106,0.5344467759132385,0.6189394950866699,0.16898539662361145
ARQ256,256,199,3076,0.5354166626930237,0.5354166626930237,0.5354166626930237,0.5354166626930237,0.9881250262260437,0.6259583473205567,0.1810833364725113
ARQ256,256,250,3076,0.5344467759132385,0.8959081172943115,0.5344467759132385,0.5344467759132385,0.5344467759132385,0.6067389965057373,0.1445845365524292
ARQ256,256,299,3076,0.8995416760444641,0.5354166626930237,0.5354166626930237,0.5354166626930237,0.5354166626930237,0.6082416534423828,0.1456499993801117
ARQ256,256,350,3076,0.9782463312149048,0.9611273407936096,0.5344467759132385,0.9106471538543701,0.5344467759132385,0.7837828636169434,0.20479190349578857
ARQ256,256,399,3076,0.5354166626930237,0.5354166626930237,0.9504583477973938,0.5354166626930237,0.9882916808128357,0.7090000152587891,0.21293167769908905
ARQ256,256,450,3076,0.5344467759132385,0.5344467759132385,0.9494780898094177,0.5344467759132385,0.5344467759132385,0.6174530029296875,0.16601252555847168
ARQ256,256,499,3076,0.5354166626930237,0.5354166626930237,0.5354166626930237,0.5354166626930237,0.5354166626930237,0.5354166507720948,0.0
ARQ256,256,550,3076,0.5344467759132385,0.9246764183044434,0.5344467759132385,0.5344467759132385,0.5344467759132385,0.6124926567077636,0.1560918539762497
ARQ256,256,600,3076,0.9597494602203369,0.9410438537597656,0.5344467759132385,0.9525260925292969,0.5344467759132385,0.7844425678253174,0.2042078971862793
ARQ256,256,649,3076,0.5354166626930237,0.5354166626930237,0.5354166626930237,0.5354166626930237,0.9667083621025085,0.6216750144958496,0.17251668870449066
ARQ256,256,700,3076,0.5344467759132385,0.5344467759132385,0.5344467759132385,0.5344467759132385,0.5344467759132385,0.5344467639923096,0.0
ARQ256,256,749,3076,0.9520000219345093,0.5354166626930237,0.5354166626930237,0.5354166626930237,0.921999990940094,0.696049976348877,0.19696345925331116
ARQ256,256,800,3076,0.5344467759132385,0.5344467759132385,0.5344467759132385,0.5344467759132385,0.5344467759132385,0.5344467639923096,0.0
ARQ256,256,849,3076,0.9835416674613953,0.5354166626930237,0.5354166626930237,0.5354166626930237,0.9535416960716248,0.7086666584014892,0.21239903569221497
ARQ256,256,900,3076,0.9986639022827148,0.5344467759132385,0.5344467759132385,0.5344467759132385,0.9681419730186462,0.7140292167663574,0.22015437483787537
ARQ256,256,949,3076,0.5354166626930237,0.5354166626930237,0.9349583387374878,0.5354166626930237,0.5354166626930237,0.6153249740600586,0.1598166674375534
ARQ256,256,1000,3076,0.5344467759132385,0.9716910123825073,0.9423799514770508,0.9922338128089905,0.997077226638794,0.887565803527832,0.17760789394378662
ARQ256,256,1049,3076,0.5354166626930237,0.5354166626930237,0.971708357334137,0.5354166626930237,0.9622083306312561,0.7080333232879639,0.21143272519111633
ARQ300,300,50,3604,0.47390395402908325,0.5344467759132385,0.4655532240867615,0.4655532240867615,0.5344467759132385,0.4947807788848877,0.032530371099710464
ARQ300,300,99,3604,0.4645833373069763,0.5354166626930237,0.6083333492279053,0.4645833373069763,0.4645833373069763,0.5075000286102295,0.057397253811359406
ARQ300,300,150,3604,0.5344467759132385,0.5344467759132385,0.5344467759132385,0.9338204860687256,0.5344467759132385,0.614321517944336,0.15974949300289154
ARQ300,300,199,3604,0.5354166626930237,0.5354166626930237,0.9382916688919067,0.5354166626930237,0.5354166626930237,0.6159916400909424,0.1611499935388565
ARQ300,300,250,3604,0.5344467759132385,0.5344467759132385,0.5344467759132385,0.5344467759132385,0.5344467759132385,0.5344467639923096,0.0
ARQ300,300,299,3604,0.5354166626930237,0.5354166626930237,0.5354166626930237,0.5354166626930237,0.5354166626930237,0.5354166507720948,0.0
ARQ300,300,350,3604,0.5344467759132385,0.5344467759132385,0.5344467759132385,0.5344467759132385,0.9716910123825073,0.6218955993652344,0.174897700548172
ARQ300,300,399,3604,0.5354166626930237,0.5354166626930237,0.5354166626930237,0.9548749923706055,0.5354166626930237,0.61930832862854,0.16778333485126495
ARQ300,300,450,3604,0.5344467759132385,0.5344467759132385,0.9549060463905334,0.5344467759132385,0.5344467759132385,0.6185386180877686,0.16818371415138245
ARQ300,300,499,3604,0.5354166626930237,0.5354166626930237,0.5354166626930237,0.5354166626930237,0.5354166626930237,0.5354166507720948,0.0
ARQ300,300,550,3604,0.5344467759132385,0.5344467759132385,0.5344467759132385,0.9606263041496277,0.5344467759132385,0.6196826934814453,0.17047180235385895
ARQ300,300,600,3604,0.5344467759132385,0.5344467759132385,0.5344467759132385,0.9696033596992493,0.5344467759132385,0.6214780807495117,0.17406263947486877
ARQ300,300,649,3604,0.5354166626930237,0.5354166626930237,0.5354166626930237,0.5354166626930237,0.5354166626930237,0.5354166507720948,0.0
ARQ300,300,700,3604,0.5344467759132385,0.5344467759132385,0.5344467759132385,0.5344467759132385,0.9235908389091492,0.6122756004333496,0.15565761923789978
ARQ300,300,749,3604,0.5354166626930237,0.7676666378974915,0.5354166626930237,0.9435833096504211,0.949791669845581,0.7463749885559082,0.18424421548843384
ARQ300,300,800,3604,0.5344467759132385,0.5344467759132385,0.5344467759132385,0.5344467759132385,0.5344467759132385,0.5344467639923096,0.0
ARQ300,300,849,3604,0.5354166626930237,0.8970000147819519,0.5354166626930237,0.9535416960716248,0.9515416622161865,0.7745833396911621,0.19633013010025024
ARQ300,300,900,3604,0.5344467759132385,0.971356987953186,0.5344467759132385,0.5344467759132385,0.5344467759132385,0.6218287944793701,0.17476409673690796
ARQ300,300,949,3604,0.5354166626930237,0.9162916541099548,0.5354166626930237,0.5354166626930237,0.8777083158493042,0.680049991607666,0.17755863070487976
ARQ300,300,1000,3604,0.5344467759132385,0.9599999785423279,0.5344467759132385,0.5344467759132385,0.9622964262962341,0.7051273345947265,0.20904141664505005
ARQ300,300,1049,3604,0.9623749852180481,0.9628333449363708,0.971791684627533,0.93770831823349,0.9624999761581421,0.9594416618347168,0.011439601890742779
ARQ350,350,50,4210,0.5344467759132385,0.5386221408843994,0.5344467759132385,0.4655532240867615,0.5594989657402039,0.5265135765075684,0.031864363700151443
ARQ350,350,99,4210,0.4645833373069763,0.43541666865348816,0.4229166805744171,0.5354166626930237,0.4645833373069763,0.4645833492279053,0.03899785876274109
ARQ350,350,150,4210,0.942588746547699,0.5344467759132385,0.5330688953399658,0.5344467759132385,0.5344467759132385,0.6157995700836182,0.1633954495191574
ARQ350,350,199,4210,0.5354166626930237,0.5339999794960022,0.5354166626930237,0.5354166626930237,0.5354166626930237,0.5351333141326904,0.0005666732904501259
ARQ350,350,250,4210,0.5344467759132385,0.5344467759132385,0.9467641115188599,0.5344467759132385,0.5344467759132385,0.6169102191925049,0.1649269312620163
ARQ350,350,299,4210,0.5354166626930237,0.9675416946411133,0.9592083096504211,0.9620833396911621,0.5354166626930237,0.7919332981109619,0.20946210622787476
ARQ350,350,350,4210,0.9492692947387695,0.5344467759132385,0.5344467759132385,0.5344467759132385,0.5344467759132385,0.6174112319946289,0.16592900454998016
ARQ350,350,399,4210,0.5354166626930237,0.5354166626930237,0.9513333439826965,0.8941249847412109,0.5354166626930237,0.6903416633605957,0.1906040757894516
ARQ350,350,450,4210,0.5344467759132385,0.913695216178894,0.9068893790245056,0.5344467759132385,0.5344467759132385,0.684784984588623,0.18413853645324707
ARQ350,350,499,4210,0.9331666827201843,0.5354166626930237,0.5354166626930237,0.9277083277702332,0.9244583249092102,0.771233320236206,0.19256360828876495
ARQ350,350,550,4210,0.5344467759132385,0.5344467759132385,0.8773277401924133,0.9312317371368408,0.5344467759132385,0.682379961013794,0.18198050558567047
ARQ350,350,600,4210,0.6741127371788025,0.9161586761474609,0.5344467759132385,0.7950313091278076,0.9534446597099304,0.7746388435363769,0.15505672991275787
ARQ350,350,649,4210,0.5354166626930237,0.9626250267028809,0.5354166626930237,0.8977500200271606,0.5354166626930237,0.6933249473571778,0.19448250532150269
ARQ350,350,700,4210,0.5344467759132385,0.5344467759132385,0.9812108278274536,0.5437578558921814,0.5344467759132385,0.6256618022918701,0.17781108617782593
ARQ350,350,749,4210,0.9622499942779541,0.5354166626930237,0.5354166626930237,0.5354166626930237,0.5354166626930237,0.6207832813262939,0.17073333263397217
ARQ350,350,800,4210,0.5344467759132385,0.9704384207725525,0.5344467759132385,0.8783715963363647,0.9418371319770813,0.7719081401824951,0.19616340100765228
ARQ350,350,849,4210,0.5354166626930237,0.5354166626930237,0.5354166626930237,0.9069583415985107,0.952958345413208,0.6932333469390869,0.19383175671100616
ARQ350,350,900,4210,0.5344467759132385,0.5344467759132385,0.5344467759132385,0.9680166840553284,0.5344467759132385,0.6211607456207275,0.17342796921730042
ARQ350,350,949,4210,0.9808750152587891,0.5354166626930237,0.5354166626930237,0.9420416951179504,0.5354166626930237,0.7058332920074463,0.20907790958881378
ARQ350,350,1000,4210,0.9720668196678162,0.9796242117881775,0.8788726329803467,0.5344467759132385,0.5344467759132385,0.7798913955688477,0.2035229653120041
ARQ350,350,1049,4210,0.8327500224113464,0.9141250252723694,0.5354166626930237,0.9157500267028809,0.5354166626930237,0.7466916561126709,0.17509709298610687
ARQ400,400,50,4805,0.4655532240867615,0.4655532240867615,0.4655532240867615,0.4655532240867615,0.4655532240867615,0.46555323600769044,0.0
ARQ400,400,99,4805,0.4645833373069763,0.4645833373069763,0.5458333492279053,0.4645833373069763,0.4645833373069763,0.4808333396911621,0.0325000062584877
ARQ400,400,150,4805,0.5344467759132385,0.5344467759132385,0.5344467759132385,0.5344467759132385,0.5344467759132385,0.5344467639923096,0.0
ARQ400,400,199,4805,0.5354166626930237,0.5354166626930237,0.5354166626930237,0.5354166626930237,0.5354166626930237,0.5354166507720948,0.0
ARQ400,400,250,4805,0.9484342336654663,0.8159916400909424,0.5344467759132385,0.5344467759132385,0.5344467759132385,0.6735532283782959,0.17544233798980713
ARQ400,400,299,4805,0.5354166626930237,0.5354166626930237,0.9425416588783264,0.5354166626930237,0.9440833330154419,0.6985750198364258,0.19982792437076569
ARQ400,400,350,4805,0.5344467759132385,0.9554905891418457,0.5344467759132385,0.5344467759132385,0.5344467759132385,0.6186554908752442,0.16841751337051392
ARQ400,400,399,4805,0.5354166626930237,0.9442499876022339,0.9524999856948853,0.5354166626930237,0.5354166626930237,0.7005999565124512,0.2023242563009262
ARQ400,400,450,4805,0.5344467759132385,0.5344467759132385,0.5344467759132385,0.9402505159378052,0.5344467759132385,0.6156075477600098,0.16232149302959442
ARQ400,400,499,4805,0.5354166626930237,0.5354166626930237,0.5354166626930237,0.5354166626930237,0.8947499990463257,0.6072833061218261,0.14373333752155304
ARQ400,400,550,4805,0.5344467759132385,0.8975782990455627,0.5344467759132385,0.5344467759132385,0.5344467759132385,0.6070730686187744,0.14525260031223297
ARQ400,400,600,4805,0.5344467759132385,0.5344467759132385,0.5344467759132385,0.9534446597099304,0.5344467759132385,0.6182463645935059,0.167599156498909
ARQ400,400,649,4805,0.5354166626930237,0.5354166626930237,0.5354166626930237,0.5354166626930237,0.5354166626930237,0.5354166507720948,0.0
ARQ400,400,700,4805,0.5344467759132385,0.5344467759132385,0.5344467759132385,0.5344467759132385,0.5344467759132385,0.5344467639923096,0.0
ARQ400,400,749,4805,0.5354166626930237,0.5354166626930237,0.5354166626930237,0.5354166626930237,0.5354166626930237,0.5354166507720948,0.0
ARQ400,400,800,4805,0.9330688714981079,0.6920250654220581,0.5344467759132385,0.9441336393356323,0.5344467759132385,0.7276242256164551,0.18165142834186554
ARQ400,400,849,4805,0.5354166626930237,0.5354166626930237,0.950166642665863,0.8776249885559082,0.5354166626930237,0.6868083000183105,0.1868298202753067
ARQ400,400,900,4805,0.5344467759132385,0.9719833135604858,0.5344467759132385,0.5344467759132385,0.5344467759132385,0.6219540596008301,0.17501461505889893
ARQ400,400,949,4805,0.9535416960716248,0.5354166626930237,0.5354166626930237,0.5354166626930237,0.9609166383743286,0.7041416168212891,0.2066582441329956
ARQ400,400,1000,4805,0.9627557396888733,0.5344467759132385,0.5344467759132385,0.5344467759132385,0.5344467759132385,0.6201085567474365,0.17132358253002167
ARQ400,400,1049,4805,0.5354166626930237,0.5354166626930237,0.5354166626930237,0.5354166626930237,0.9408749938011169,0.6165083408355713,0.16218332946300507
ARQ300,300,50,3604,0.47390395402908325,0.5344467759132385,0.4655532240867615,0.4655532240867615,0.5344467759132385,0.4947807788848877,0.032530371099710464
ARQ300,300,99,3604,0.4645833373069763,0.5354166626930237,0.6083333492279053,0.4645833373069763,0.4645833373069763,0.5075000286102295,0.057397253811359406
ARQ300,300,150,3604,0.5344467759132385,0.5344467759132385,0.5344467759132385,0.9338204860687256,0.5344467759132385,0.614321517944336,0.15974949300289154
ARQ300,300,199,3604,0.5354166626930237,0.5354166626930237,0.9382916688919067,0.5354166626930237,0.5354166626930237,0.6159916400909424,0.1611499935388565
ARQ300,300,250,3604,0.5344467759132385,0.5344467759132385,0.5344467759132385,0.5344467759132385,0.5344467759132385,0.5344467639923096,0.0
ARQ300,300,299,3604,0.5354166626930237,0.5354166626930237,0.5354166626930237,0.5354166626930237,0.5354166626930237,0.5354166507720948,0.0
ARQ300,300,350,3604,0.5344467759132385,0.5344467759132385,0.5344467759132385,0.5344467759132385,0.9716910123825073,0.6218955993652344,0.174897700548172
ARQ300,300,399,3604,0.5354166626930237,0.5354166626930237,0.5354166626930237,0.9548749923706055,0.5354166626930237,0.61930832862854,0.16778333485126495
ARQ300,300,450,3604,0.5344467759132385,0.5344467759132385,0.9549060463905334,0.5344467759132385,0.5344467759132385,0.6185386180877686,0.16818371415138245
ARQ300,300,499,3604,0.5354166626930237,0.5354166626930237,0.5354166626930237,0.5354166626930237,0.5354166626930237,0.5354166507720948,0.0
ARQ300,300,550,3604,0.5344467759132385,0.5344467759132385,0.5344467759132385,0.9606263041496277,0.5344467759132385,0.6196826934814453,0.17047180235385895
ARQ300,300,600,3604,0.5344467759132385,0.5344467759132385,0.5344467759132385,0.9696033596992493,0.5344467759132385,0.6214780807495117,0.17406263947486877
ARQ300,300,649,3604,0.5354166626930237,0.5354166626930237,0.5354166626930237,0.5354166626930237,0.5354166626930237,0.5354166507720948,0.0
ARQ300,300,700,3604,0.5344467759132385,0.5344467759132385,0.5344467759132385,0.5344467759132385,0.9235908389091492,0.6122756004333496,0.15565761923789978
ARQ300,300,749,3604,0.5354166626930237,0.7676666378974915,0.5354166626930237,0.9435833096504211,0.949791669845581,0.7463749885559082,0.18424421548843384
ARQ300,300,800,3604,0.5344467759132385,0.5344467759132385,0.5344467759132385,0.5344467759132385,0.5344467759132385,0.5344467639923096,0.0
ARQ300,300,849,3604,0.5354166626930237,0.8970000147819519,0.5354166626930237,0.9535416960716248,0.9515416622161865,0.7745833396911621,0.19633013010025024
ARQ300,300,900,3604,0.5344467759132385,0.971356987953186,0.5344467759132385,0.5344467759132385,0.5344467759132385,0.6218287944793701,0.17476409673690796
ARQ300,300,949,3604,0.5354166626930237,0.9162916541099548,0.5354166626930237,0.5354166626930237,0.8777083158493042,0.680049991607666,0.17755863070487976
ARQ300,300,1000,3604,0.5344467759132385,0.9599999785423279,0.5344467759132385,0.5344467759132385,0.9622964262962341,0.7051273345947265,0.20904141664505005
ARQ300,300,1049,3604,0.9623749852180481,0.9628333449363708,0.971791684627533,0.93770831823349,0.9624999761581421,0.9594416618347168,0.011439601890742779
ARQ350,350,50,4210,0.5344467759132385,0.5386221408843994,0.5344467759132385,0.4655532240867615,0.5594989657402039,0.5265135765075684,0.031864363700151443
ARQ350,350,99,4210,0.4645833373069763,0.43541666865348816,0.4229166805744171,0.5354166626930237,0.4645833373069763,0.4645833492279053,0.03899785876274109
ARQ350,350,150,4210,0.942588746547699,0.5344467759132385,0.5330688953399658,0.5344467759132385,0.5344467759132385,0.6157995700836182,0.1633954495191574
ARQ350,350,199,4210,0.5354166626930237,0.5339999794960022,0.5354166626930237,0.5354166626930237,0.5354166626930237,0.5351333141326904,0.0005666732904501259
ARQ350,350,250,4210,0.5344467759132385,0.5344467759132385,0.9467641115188599,0.5344467759132385,0.5344467759132385,0.6169102191925049,0.1649269312620163
ARQ350,350,299,4210,0.5354166626930237,0.9675416946411133,0.9592083096504211,0.9620833396911621,0.5354166626930237,0.7919332981109619,0.20946210622787476
ARQ350,350,350,4210,0.9492692947387695,0.5344467759132385,0.5344467759132385,0.5344467759132385,0.5344467759132385,0.6174112319946289,0.16592900454998016
ARQ350,350,399,4210,0.5354166626930237,0.5354166626930237,0.9513333439826965,0.8941249847412109,0.5354166626930237,0.6903416633605957,0.1906040757894516
ARQ350,350,450,4210,0.5344467759132385,0.913695216178894,0.9068893790245056,0.5344467759132385,0.5344467759132385,0.684784984588623,0.18413853645324707
ARQ350,350,499,4210,0.9331666827201843,0.5354166626930237,0.5354166626930237,0.9277083277702332,0.9244583249092102,0.771233320236206,0.19256360828876495
ARQ350,350,550,4210,0.5344467759132385,0.5344467759132385,0.8773277401924133,0.9312317371368408,0.5344467759132385,0.682379961013794,0.18198050558567047
ARQ350,350,600,4210,0.6741127371788025,0.9161586761474609,0.5344467759132385,0.7950313091278076,0.9534446597099304,0.7746388435363769,0.15505672991275787
ARQ350,350,649,4210,0.5354166626930237,0.9626250267028809,0.5354166626930237,0.8977500200271606,0.5354166626930237,0.6933249473571778,0.19448250532150269
ARQ350,350,700,4210,0.5344467759132385,0.5344467759132385,0.9812108278274536,0.5437578558921814,0.5344467759132385,0.6256618022918701,0.17781108617782593
ARQ350,350,749,4210,0.9622499942779541,0.5354166626930237,0.5354166626930237,0.5354166626930237,0.5354166626930237,0.6207832813262939,0.17073333263397217
ARQ350,350,800,4210,0.5344467759132385,0.9704384207725525,0.5344467759132385,0.8783715963363647,0.9418371319770813,0.7719081401824951,0.19616340100765228
ARQ350,350,849,4210,0.5354166626930237,0.5354166626930237,0.5354166626930237,0.9069583415985107,0.952958345413208,0.6932333469390869,0.19383175671100616
ARQ350,350,900,4210,0.5344467759132385,0.5344467759132385,0.5344467759132385,0.9680166840553284,0.5344467759132385,0.6211607456207275,0.17342796921730042
ARQ350,350,949,4210,0.9808750152587891,0.5354166626930237,0.5354166626930237,0.9420416951179504,0.5354166626930237,0.7058332920074463,0.20907790958881378
ARQ350,350,1000,4210,0.9720668196678162,0.9796242117881775,0.8788726329803467,0.5344467759132385,0.5344467759132385,0.7798913955688477,0.2035229653120041
ARQ350,350,1049,4210,0.8327500224113464,0.9141250252723694,0.5354166626930237,0.9157500267028809,0.5354166626930237,0.7466916561126709,0.17509709298610687
ARQ400,400,50,4805,0.4655532240867615,0.4655532240867615,0.4655532240867615,0.4655532240867615,0.4655532240867615,0.46555323600769044,0.0
ARQ400,400,99,4805,0.4645833373069763,0.4645833373069763,0.5458333492279053,0.4645833373069763,0.4645833373069763,0.4808333396911621,0.0325000062584877
ARQ400,400,150,4805,0.5344467759132385,0.5344467759132385,0.5344467759132385,0.5344467759132385,0.5344467759132385,0.5344467639923096,0.0
ARQ400,400,199,4805,0.5354166626930237,0.5354166626930237,0.5354166626930237,0.5354166626930237,0.5354166626930237,0.5354166507720948,0.0
ARQ400,400,250,4805,0.9484342336654663,0.8159916400909424,0.5344467759132385,0.5344467759132385,0.5344467759132385,0.6735532283782959,0.17544233798980713
ARQ400,400,299,4805,0.5354166626930237,0.5354166626930237,0.9425416588783264,0.5354166626930237,0.9440833330154419,0.6985750198364258,0.19982792437076569
ARQ400,400,350,4805,0.5344467759132385,0.9554905891418457,0.5344467759132385,0.5344467759132385,0.5344467759132385,0.6186554908752442,0.16841751337051392
ARQ400,400,399,4805,0.5354166626930237,0.9442499876022339,0.9524999856948853,0.5354166626930237,0.5354166626930237,0.7005999565124512,0.2023242563009262
ARQ400,400,450,4805,0.5344467759132385,0.5344467759132385,0.5344467759132385,0.9402505159378052,0.5344467759132385,0.6156075477600098,0.16232149302959442
ARQ400,400,499,4805,0.5354166626930237,0.5354166626930237,0.5354166626930237,0.5354166626930237,0.8947499990463257,0.6072833061218261,0.14373333752155304
ARQ400,400,550,4805,0.5344467759132385,0.8975782990455627,0.5344467759132385,0.5344467759132385,0.5344467759132385,0.6070730686187744,0.14525260031223297
ARQ400,400,600,4805,0.5344467759132385,0.5344467759132385,0.5344467759132385,0.9534446597099304,0.5344467759132385,0.6182463645935059,0.167599156498909
ARQ400,400,649,4805,0.5354166626930237,0.5354166626930237,0.5354166626930237,0.5354166626930237,0.5354166626930237,0.5354166507720948,0.0
ARQ400,400,700,4805,0.5344467759132385,0.5344467759132385,0.5344467759132385,0.5344467759132385,0.5344467759132385,0.5344467639923096,0.0
ARQ400,400,749,4805,0.5354166626930237,0.5354166626930237,0.5354166626930237,0.5354166626930237,0.5354166626930237,0.5354166507720948,0.0
ARQ400,400,800,4805,0.9330688714981079,0.6920250654220581,0.5344467759132385,0.9441336393356323,0.5344467759132385,0.7276242256164551,0.18165142834186554
ARQ400,400,849,4805,0.5354166626930237,0.5354166626930237,0.950166642665863,0.8776249885559082,0.5354166626930237,0.6868083000183105,0.1868298202753067
ARQ400,400,900,4805,0.5344467759132385,0.9719833135604858,0.5344467759132385,0.5344467759132385,0.5344467759132385,0.6219540596008301,0.17501461505889893
ARQ400,400,949,4805,0.9535416960716248,0.5354166626930237,0.5354166626930237,0.5354166626930237,0.9609166383743286,0.7041416168212891,0.2066582441329956
ARQ400,400,1000,4805,0.9627557396888733,0.5344467759132385,0.5344467759132385,0.5344467759132385,0.5344467759132385,0.6201085567474365,0.17132358253002167
ARQ400,400,1049,4805,0.5354166626930237,0.5354166626930237,0.5354166626930237,0.5354166626930237,0.9408749938011169,0.6165083408355713,0.16218332946300507
ARQ450,450,50,5411,0.4655532240867615,0.4655532240867615,0.4655532240867615,0.4613778591156006,0.7557411193847656,0.5227557182312011,0.11650391668081284
ARQ450,450,99,5411,0.4645833373069763,0.4645833373069763,0.4645833373069763,0.4645833373069763,0.4645833373069763,0.4645833492279053,0.0
ARQ450,450,150,5411,0.5344467759132385,0.5344467759132385,0.5344467759132385,0.5344467759132385,0.5344467759132385,0.5344467639923096,0.0
ARQ450,450,199,5411,0.5354166626930237,0.5354166626930237,0.5354166626930237,0.5354166626930237,0.949791669845581,0.6182916641235352,0.16575001180171967
ARQ450,450,250,5411,0.5344467759132385,0.789979100227356,0.5344467759132385,0.5344467759132385,0.5344467759132385,0.5855532169342041,0.10221292078495026
ARQ450,450,299,5411,0.5354166626930237,0.5354166626930237,0.5354166626930237,0.9163333177566528,0.5354166626930237,0.6116000175476074,0.15236666798591614
ARQ450,450,350,5411,0.5344467759132385,0.5344467759132385,0.5344467759132385,0.5344467759132385,0.5344467759132385,0.5344467639923096,0.0
ARQ450,450,399,5411,0.5354166626930237,0.5354166626930237,0.5354166626930237,0.5354166626930237,0.5354166626930237,0.5354166507720948,0.0
ARQ450,450,450,5411,0.5344467759132385,0.5344467759132385,0.5344467759132385,0.5344467759132385,0.9348225593566895,0.6145219326019287,0.16015031933784485
ARQ450,450,499,5411,0.9682499766349792,0.5354166626930237,0.5354166626930237,0.5354166626930237,0.5354166626930237,0.6219832897186279,0.17313332855701447
ARQ450,450,550,5411,0.9426722526550293,0.5344467759132385,0.9348225593566895,0.5344467759132385,0.9309394359588623,0.7754655361175538,0.19682732224464417
ARQ450,450,600,5411,0.5344467759132385,0.5344467759132385,0.5344467759132385,0.5344467759132385,0.8882672190666199,0.6052108764648437,0.1415281742811203
ARQ450,450,649,5411,0.5354166626930237,0.5354166626930237,0.5354166626930237,0.5354166626930237,0.9348333477973938,0.6152999877929688,0.15976665914058685
ARQ450,450,700,5411,0.9436325430870056,0.5344467759132385,0.5344467759132385,0.5344467759132385,0.9068893790245056,0.6907724380493164,0.19181132316589355
ARQ450,450,749,5411,0.5354166626930237,0.781374990940094,0.5354166626930237,0.7576249837875366,0.5354166626930237,0.6290499687194824,0.11492261290550232
ARQ450,450,800,5411,0.5344467759132385,0.5344467759132385,0.5344467759132385,0.5344467759132385,0.5344467759132385,0.5344467639923096,0.0
ARQ450,450,849,5411,0.8141666650772095,0.5354166626930237,0.5354166626930237,0.5354166626930237,0.5354166626930237,0.591166639328003,0.11150000244379044
ARQ450,450,900,5411,0.5344467759132385,0.5344467759132385,0.5344467759132385,0.5344467759132385,0.5344467759132385,0.5344467639923096,0.0
ARQ450,450,949,5411,0.9349583387374878,0.8139166831970215,0.5354166626930237,0.5354166626930237,0.5354166626930237,0.6710249900817871,0.17043925821781158
ARQ450,450,1000,5411,0.5344467759132385,0.5344467759132385,0.5344467759132385,0.5344467759132385,0.5344467759132385,0.5344467639923096,0.0
ARQ450,450,1049,5411,0.5354166626930237,0.5354166626930237,0.5354166626930237,0.7761250138282776,0.5354166626930237,0.5835583209991455,0.09628333896398544
ARQ500,500,50,6006,0.4655532240867615,0.4655532240867615,0.4655532240867615,0.4655532240867615,0.4655532240867615,0.46555323600769044,0.0
ARQ500,500,99,6006,0.4645833373069763,0.4645833373069763,0.4645833373069763,0.4645833373069763,0.4645833373069763,0.4645833492279053,0.0
ARQ500,500,150,6006,0.5344467759132385,0.5344467759132385,0.5344467759132385,0.5344467759132385,0.5344467759132385,0.5344467639923096,0.0
ARQ500,500,199,6006,0.5354166626930237,0.5354166626930237,0.5354166626930237,0.5354166626930237,0.5354166626930237,0.5354166507720948,0.0
ARQ500,500,250,6006,0.5344467759132385,0.5344467759132385,0.5344467759132385,0.5344467759132385,0.5344467759132385,0.5344467639923096,0.0
ARQ500,500,299,6006,0.5354166626930237,0.5354166626930237,0.5354166626930237,0.5354166626930237,0.5354166626930237,0.5354166507720948,0.0
ARQ500,500,350,6006,0.5344467759132385,0.5622129440307617,0.5344467759132385,0.5344467759132385,0.5344467759132385,0.5399999618530273,0.011106467805802822
ARQ500,500,399,6006,0.5354166626930237,0.5354166626930237,0.5354166626930237,0.5354166626930237,0.5354166626930237,0.5354166507720948,0.0
ARQ500,500,450,6006,0.5344467759132385,0.5344467759132385,0.5344467759132385,0.5344467759132385,0.5344467759132385,0.5344467639923096,0.0
ARQ500,500,499,6006,0.8869166374206543,0.5354166626930237,0.5354166626930237,0.5354166626930237,0.5354166626930237,0.605716609954834,0.14059999585151672
ARQ500,500,550,6006,0.5344467759132385,0.5344467759132385,0.5344467759132385,0.5344467759132385,0.5344467759132385,0.5344467639923096,0.0
ARQ500,500,600,6006,0.5344467759132385,0.5344467759132385,0.5344467759132385,0.5344467759132385,0.5344467759132385,0.5344467639923096,0.0
ARQ500,500,649,6006,0.949916660785675,0.5354166626930237,0.5354166626930237,0.5354166626930237,0.5354166626930237,0.618316650390625,0.16579999029636383
ARQ500,500,700,6006,0.8597494959831238,0.5344467759132385,0.5344467759132385,0.5344467759132385,0.5344467759132385,0.5995072841644287,0.13012109696865082
ARQ500,500,749,6006,0.8141666650772095,0.5354166626930237,0.5354166626930237,0.5354166626930237,0.5354166626930237,0.591166639328003,0.11150000244379044
ARQ500,500,800,6006,0.5344467759132385,0.9066805839538574,0.5344467759132385,0.5344467759132385,0.5344467759132385,0.6088934898376465,0.14889352023601532
ARQ500,500,849,6006,0.5354166626930237,0.5354166626930237,0.5354166626930237,0.5354166626930237,0.5354166626930237,0.5354166507720948,0.0
ARQ500,500,900,6006,0.5344467759132385,0.5807933211326599,0.5344467759132385,0.5344467759132385,0.5344467759132385,0.5437160491943359,0.018538618460297585
ARQ500,500,949,6006,0.9070833325386047,0.5354166626930237,0.5354166626930237,0.5354166626930237,0.5446666479110718,0.6116000175476074,0.14778509736061096
ARQ500,500,1000,6006,0.5344467759132385,0.5344467759132385,0.5344467759132385,0.5344467759132385,0.9608350992202759,0.6197244644165039,0.17055532336235046
ARQ500,500,1049,6006,0.9349583387374878,0.5354166626930237,0.5354166626930237,0.5354166626930237,0.5354166626930237,0.6153249740600586,0.1598166823387146
ARQ550,550,50,6612,0.4655532240867615,0.4655532240867615,0.4655532240867615,0.4655532240867615,0.4655532240867615,0.46555323600769044,0.0
ARQ550,550,99,6612,0.4645833373069763,0.4645833373069763,0.4645833373069763,0.4645833373069763,0.4645833373069763,0.4645833492279053,0.0
ARQ550,550,150,6612,0.5344467759132385,0.5344467759132385,0.5344467759132385,0.5344467759132385,0.5344467759132385,0.5344467639923096,0.0
ARQ550,550,199,6612,0.5354166626930237,0.9627916812896729,0.5354166626930237,0.5354166626930237,0.6796666383743286,0.6497416496276855,0.1661965399980545
ARQ550,550,250,6612,0.5344467759132385,0.5344467759132385,0.5344467759132385,0.5344467759132385,0.5344467759132385,0.5344467639923096,0.0
ARQ550,550,299,6612,0.5354166626930237,0.5354166626930237,0.5354166626930237,0.5354166626930237,0.5354166626930237,0.5354166507720948,0.0
ARQ550,550,350,6612,0.5344467759132385,0.5344467759132385,0.5344467759132385,0.5344467759132385,0.5344467759132385,0.5344467639923096,0.0
ARQ550,550,399,6612,0.5354166626930237,0.5354166626930237,0.5354166626930237,0.5354166626930237,0.5354166626930237,0.5354166507720948,0.0
ARQ550,550,450,6612,0.5344467759132385,0.5344467759132385,0.5344467759132385,0.5344467759132385,0.5344467759132385,0.5344467639923096,0.0
ARQ550,550,499,6612,0.5354166626930237,0.5354166626930237,0.5354166626930237,0.9022499918937683,0.5354166626930237,0.6087833404541015,0.1467333287000656
ARQ550,550,550,6612,0.5344467759132385,0.5344467759132385,0.5344467759132385,0.5344467759132385,0.5344467759132385,0.5344467639923096,0.0
ARQ550,550,600,6612,0.5344467759132385,0.5344467759132385,0.5344467759132385,0.5344467759132385,0.5344467759132385,0.5344467639923096,0.0
ARQ550,550,649,6612,0.7212499976158142,0.8509583473205566,0.5354166626930237,0.5354166626930237,0.5354166626930237,0.6356916427612305,0.12947988510131836
ARQ550,550,700,6612,0.5344467759132385,0.8044676184654236,0.5344467759132385,0.5344467759132385,0.5344467759132385,0.5884509086608887,0.10800834000110626
ARQ550,550,749,6612,0.5354166626930237,0.5354166626930237,0.5354166626930237,0.5354166626930237,0.5354166626930237,0.5354166507720948,0.0
ARQ550,550,800,6612,0.5344467759132385,0.5344467759132385,0.5344467759132385,0.5344467759132385,0.5344467759132385,0.5344467639923096,0.0
ARQ550,550,849,6612,0.8221666812896729,0.5354166626930237,0.5354166626930237,0.5354166626930237,0.5354166626930237,0.5927666187286377,0.11470000445842743
ARQ550,550,900,6612,0.5344467759132385,0.5344467759132385,0.5344467759132385,0.5344467759132385,0.5344467759132385,0.5344467639923096,0.0
ARQ550,550,949,6612,0.5354166626930237,0.5354166626930237,0.5354166626930237,0.5354166626930237,0.5354166626930237,0.5354166507720948,0.0
ARQ550,550,1000,6612,0.5344467759132385,0.5344467759132385,0.5344467759132385,0.5344467759132385,0.5344467759132385,0.5344467639923096,0.0
ARQ550,550,1049,6612,0.5354166626930237,0.5354166626930237,0.8584166765213013,0.5354166626930237,0.5354166626930237,0.6000166416168213,0.1292000114917755
ARQ600,600,50,7207,0.4655532240867615,0.4655532240867615,0.4655532240867615,0.4655532240867615,0.4655532240867615,0.46555323600769044,0.0
ARQ600,600,99,7207,0.4645833373069763,0.4645833373069763,0.4645833373069763,0.4645833373069763,0.4645833373069763,0.4645833492279053,0.0
ARQ600,600,150,7207,0.5344467759132385,0.5344467759132385,0.5344467759132385,0.5344467759132385,0.5344467759132385,0.5344467639923096,0.0
ARQ600,600,199,7207,0.5354166626930237,0.5354166626930237,0.5354166626930237,0.5354166626930237,0.5354166626930237,0.5354166507720948,0.0
ARQ600,600,250,7207,0.5344467759132385,0.5344467759132385,0.5344467759132385,0.5344467759132385,0.5344467759132385,0.5344467639923096,0.0
ARQ600,600,299,7207,0.5354166626930237,0.5354166626930237,0.5354166626930237,0.5354166626930237,0.5354166626930237,0.5354166507720948,0.0
ARQ600,600,350,7207,0.5344467759132385,0.5344467759132385,0.5344467759132385,0.5344467759132385,0.5344467759132385,0.5344467639923096,0.0
ARQ600,600,399,7207,0.5354166626930237,0.5354166626930237,0.5354166626930237,0.5354166626930237,0.5354166626930237,0.5354166507720948,0.0
ARQ600,600,450,7207,0.5344467759132385,0.5344467759132385,0.5344467759132385,0.5344467759132385,0.5344467759132385,0.5344467639923096,0.0
ARQ600,600,499,7207,0.5354166626930237,0.5354166626930237,0.5354166626930237,0.5354166626930237,0.8036666512489319,0.5890666484832764,0.10729999840259552
ARQ600,600,550,7207,0.5344467759132385,0.5344467759132385,0.8137786984443665,0.5344467759132385,0.5344467759132385,0.5903131484985351,0.11173277348279953
ARQ600,600,600,7207,0.5344467759132385,0.5344467759132385,0.5344467759132385,0.5344467759132385,0.5344467759132385,0.5344467639923096,0.0
ARQ600,600,649,7207,0.5354166626930237,0.5354166626930237,0.5354166626930237,0.5354166626930237,0.5354166626930237,0.5354166507720948,0.0
ARQ600,600,700,7207,0.6545302867889404,0.5344467759132385,0.5344467759132385,0.5344467759132385,0.5344467759132385,0.5584634304046631,0.04803340137004852
ARQ600,600,749,7207,0.5354166626930237,0.5354166626930237,0.5354166626930237,0.5354166626930237,0.8684166669845581,0.6020166397094726,0.133200004696846
ARQ600,600,800,7207,0.5344467759132385,0.5344467759132385,0.5344467759132385,0.5344467759132385,0.5344467759132385,0.5344467639923096,0.0
ARQ600,600,849,7207,0.5354166626930237,0.5354166626930237,0.5354166626930237,0.5354166626930237,0.5354166626930237,0.5354166507720948,0.0
ARQ600,600,900,7207,0.5344467759132385,0.5344467759132385,0.5344467759132385,0.5344467759132385,0.5344467759132385,0.5344467639923096,0.0
ARQ600,600,949,7207,0.9070833325386047,0.5354166626930237,0.5354166626930237,0.8792083263397217,0.5354166626930237,0.6785083293914795,0.17547233402729034
ARQ600,600,1000,7207,0.5344467759132385,0.5344467759132385,0.8882672190666199,0.5344467759132385,0.5344467759132385,0.605210828781128,0.1415281742811203
ARQ600,600,1049,7207,0.5354166626930237,0.5354166626930237,0.5354166626930237,0.5354166626930237,0.5354166626930237,0.5354166507720948,0.0
