ARQ,NEURONS,SIZE,WEIGHTS,LOSS1,LOSS2,LOSS3,LOSS4,LOSS5,LOSS_M,LOSS_DP
ARQ2,2,50,15,0.0,0.0,0.0,0.0,0.0,0.0,0.0
ARQ2,2,99,15,0.0,0.0,0.0,0.0,0.0,0.0,0.0
ARQ2,2,149,15,0.4288784379527073,0.30620193581453103,0.37578271159389676,0.5704871510099244,0.6952698238744032,0.4753240120490926,0.1400714972260358
ARQ2,2,200,15,0.586713969707489,0.7008544725179672,0.5847907683253288,0.46231072545051577,0.5350121766328811,0.5739364225268364,0.07792902811456821
ARQ2,2,250,15,0.6936079721450805,0.37688074123859405,0.370830796957016,0.4100357346534729,0.6931552758216858,0.5089021041631698,0.151217309918726
ARQ2,2,299,15,0.5675372157494227,0.5565689653158188,0.2283828780055046,0.4113253433505694,0.4673370830217997,0.44623029708862305,0.12329747801977906
ARQ2,2,349,15,0.4008467629169806,0.45230195894200576,0.671008686734061,0.7001402102983915,0.49375646847944993,0.5436108174741777,0.11994666059846934
ARQ2,2,400,15,0.5264584198594093,0.5685752007365227,0.36400186724960804,0.5397653672099113,0.5541454663872719,0.5105892642885447,0.07463303774854062
ARQ2,2,449,15,0.6351180952207177,0.7302433115191165,0.6597077899274573,0.6598039105930159,0.6931275588221255,0.6756001332164866,0.03296655944453921
ARQ2,2,499,15,0.3961555868387222,0.4800568883419037,0.47577299785614013,0.23726039612293243,0.5291523585319519,0.4236796455383301,0.10249518467515943
ARQ2,2,550,15,0.24531337347897617,0.6589977275241505,0.42045472887429325,0.6940015131776983,0.4812412933869795,0.5000017272884195,0.1639887077936027
ARQ2,2,600,15,0.4707931837439537,0.4742910531163216,0.5602883598208428,0.6931797796487809,0.6932517945766449,0.5783608341813088,0.09910727127699773
ARQ2,2,649,15,0.3084150763279801,0.5976644541145465,0.35225882319682233,0.6931288275149984,0.3725107246582661,0.46479558116252273,0.15193820304001865
ARQ2,2,699,15,0.5838794229377029,0.45772974205832195,0.2934727495552128,0.6624027668920338,0.44097633876352227,0.48769220404135877,0.12694650806402744
ARQ2,2,750,15,0.693129970519631,0.5047819404690354,0.5734927579760551,0.6943834573030472,0.5015530760089556,0.5934682404553449,0.08582426066279195
ARQ2,2,800,15,0.5172319558262825,0.6931556177139282,0.6931584370136261,0.6931574153900146,0.6931882703304291,0.6579783392548562,0.07037319275178108
ARQ2,2,849,15,0.5023747454179781,0.6929719420236962,0.38849770270775413,0.6069900529963947,0.6235345485054444,0.5628737983302534,0.10641302143806815
ARQ2,2,900,15,0.3629179772734642,0.3428085446357727,0.6594763094186783,0.4438770121335983,0.6604056572914123,0.4938971001505852,0.1397332212363307
ARQ2,2,950,15,0.36967998686826453,0.4805860257935974,0.40868517981385283,0.6932932498320094,0.3773240101224971,0.46591369048604425,0.12025048943302456
ARQ2,2,999,15,0.3233612608667967,0.32554039077178853,0.4209021292291246,0.6932455849003147,0.4514049785631197,0.44289086886622886,0.13512360302534748
ARQ2,2,1049,15,0.38651454803489504,0.693214229742686,0.5066296813033876,0.4603467373620896,0.4572627365589142,0.5007935866003945,0.1035860464375104
ARQ2,2,1100,15,0.4253482976555824,0.5407703754305839,0.36603018894791606,0.4035218334197998,0.47610153913497927,0.4423544469177723,0.06074065287205182
ARQ2,2,1150,15,0.23150638682501656,0.31462832547369457,0.6943964867364792,0.4322824452604566,0.4488004071371896,0.4243228102865674,0.1567248240723444
ARQ2,2,1199,15,0.3594045721062826,0.6931533654895398,0.5502964214447441,0.42936742114364557,0.3345182924915891,0.4733480145351603,0.13298612109871374
ARQ2,2,1249,15,0.2802276638292131,0.6931275685628255,0.3181024999845596,0.42188092810767036,0.15949054928052994,0.3745658419529597,0.18003637043362442
ARQ2,2,1300,15,0.6155250293016433,0.6932793170213699,0.46527562648057935,0.41288377285003663,0.5361573460698128,0.5446242183446884,0.10084512411910959
ARQ2,2,1349,15,0.48996857840281266,0.47157097349946314,0.6933271099741642,0.5786079798753445,0.49792085874539155,0.5462791000994351,0.08216930353406045
ARQ2,2,1399,15,0.2020222638492231,0.5309342024502931,0.6933983244277813,0.33183450858902047,0.42433883332543904,0.43650562652835134,0.1679268503518821
ARQ2,2,1450,15,0.508449383939688,0.693528474523471,0.47662577176323306,0.5069253278466371,0.5812665911821219,0.5533591098510302,0.07808618709308386
ARQ2,2,1500,15,0.3177127495408058,0.4041916979849339,0.2974800273776054,0.6210143518447876,0.6935190868377685,0.46678358271718035,0.16124495040984346
ARQ2,2,1549,15,0.363510033259025,0.34820748736652046,0.5902688612158482,0.33421172029696977,0.3655074384923165,0.400341108126136,0.09563835460514698
ARQ2,2,1599,15,0.2447047914578536,0.28195850592907346,0.6893551967968451,0.42695313051482225,0.47626335849271756,0.4238469966382624,0.1584146463442049
ARQ2,2,1650,15,0.4844253515967956,0.34076438958828265,0.39776645371547115,0.6932074691240604,0.4643047096637579,0.47609367473767356,0.11982985038942441
ARQ2,2,1699,15,0.6932792758273187,0.18763262534810005,0.4303126544038826,0.6931490658599639,0.27980611313169246,0.45683594691419155,0.20797250462994532
ARQ2,2,1749,15,0.6931975206125129,0.30595941407587923,0.4394354322581615,0.4131671632956533,0.4030731201750561,0.4509665300834526,0.12927370461527918
ARQ2,2,1800,15,0.34784516602754595,0.2147594453394413,0.5051175710558892,0.3461709313094616,0.6224286049604416,0.4072643437385559,0.14155712135623202
ARQ2,2,1850,15,0.42076349923911605,0.692713304630761,0.382485568523407,0.6158676436803874,0.5707524164209088,0.5365164864989161,0.11746525340722695
ARQ4,4,50,29,0.0,0.0,0.0,0.0,0.0,0.0,0.0
ARQ4,4,99,29,0.0,0.0,0.0,0.0,0.0,0.0,0.0
ARQ4,4,149,29,0.42242570756465797,0.49159345390812664,0.5739064818660685,0.6473040176718027,0.5216906592749909,0.5313840640571293,0.07588777222212652
ARQ4,4,200,29,0.4902070826292038,0.5376181706786156,0.4486218547821045,0.5474041518568993,0.6496932083368301,0.5347088936567307,0.06750172670819948
ARQ4,4,250,29,0.47960765385627746,0.3977568113803864,0.385963497877121,0.19751706272363662,0.3813347175121307,0.3684359486699104,0.09263446423022337
ARQ4,4,299,29,0.34338109771410624,0.25156977782646817,0.3505929863452911,0.33084861968954404,0.1619162913163503,0.28766175457835197,0.07217290733530189
ARQ4,4,349,29,0.263389310775659,0.4175995020275442,0.41566096246242523,0.31165867432569844,0.5691897950620732,0.39549964893068,0.10539980968058738
ARQ4,4,400,29,0.40194558173418043,0.30570426255464556,0.45731243818998335,0.5703164273500443,0.34911414608359337,0.4168785711824894,0.09203565796820408
ARQ4,4,449,29,0.35823912391092927,0.44288192966343026,0.64172806992995,0.378253858173843,0.37829876368024706,0.43988034907167994,0.10488748027021987
ARQ4,4,499,29,0.36229101395606994,0.40830323338508606,0.5020484480857849,0.16516747486591338,0.693259566783905,0.4262139474153518,0.1729834849027424
ARQ4,4,550,29,0.20377659160982478,0.5309347867965698,0.28942762274633754,0.3423204037276181,0.30428552227941424,0.3341489854319529,0.10833301572328784
ARQ4,4,600,29,0.4756890073418617,0.7076970386505127,0.5666973274946213,0.49795533806085585,0.3807586535811424,0.5257594730257987,0.10870376700789582
ARQ4,4,649,29,0.5495890868366311,0.40215466711499276,0.3786456476931178,0.3122671526779822,0.47082062489395843,0.42269543584333646,0.08120929161425344
ARQ4,4,699,29,0.30530323470250154,0.5589390853021898,0.26770299966009253,0.2759039827391633,0.5304263066022824,0.38765512180124595,0.12913595112024215
ARQ4,4,750,29,0.21871811234288746,0.20336809781966386,0.3067711151584431,0.49265151029383697,0.48388748312437974,0.34107926374784225,0.12528527375439932
ARQ4,4,800,29,0.31154101639986037,0.693305988907814,0.5760572949051856,0.22468824401497842,0.31510534286499026,0.4241395774185658,0.1788168250500942
ARQ4,4,849,29,0.12086513617606921,0.3794133535055357,0.33105196288534416,0.36733478753366205,0.4776231702243056,0.3352576820649834,0.11766770843439164
ARQ4,4,900,29,0.6080543452501297,0.5011841425299645,0.42346517235040665,0.38677877992391585,0.2624842204153538,0.43639333209395403,0.11535898125502644
ARQ4,4,950,29,0.5608157799491342,0.2651733657661474,0.42349898505885647,0.40011650070829213,0.34606561992528306,0.3991340502815427,0.0974651940542452
ARQ4,4,999,29,0.48257919018333023,0.3623777994432965,0.314203408924309,0.34475067526370556,0.39283136741535085,0.3793484882459984,0.057562592288038374
ARQ4,4,1049,29,0.30749283546493167,0.5241690593106406,0.4981140272957938,0.4514146938210442,0.5111656589167458,0.4584712549618312,0.07938353646903872
ARQ4,4,1100,29,0.42654245167970656,0.5030297350883484,0.5150265443325043,0.39053877964615824,0.3261606779694557,0.43225963774323456,0.07055362922842894
ARQ4,4,1150,29,0.45042759577433267,0.2999616767678942,0.31607480560030254,0.4384612889516921,0.5221570750077565,0.4054164884203956,0.0846746441078232
ARQ4,4,1199,29,0.30802342117926396,0.10878834347112463,0.30295680449643264,0.4617157160142146,0.2746797776823744,0.29123281256868205,0.11228872085805536
ARQ4,4,1249,29,0.3027392299402328,0.47637262287594023,0.452874751885732,0.31691053623244875,0.44522485250518434,0.3988243986879076,0.0735260639305779
ARQ4,4,1300,29,0.2509565660357475,0.382386716902256,0.6929658675193786,0.19909296065568924,0.37200223445892333,0.37948086911439893,0.1716947944188217
ARQ4,4,1349,29,0.19273060101729172,0.32688915729522705,0.4021983980559386,0.4037463650680505,0.2812508952159148,0.3213630833304845,0.07938160221546385
ARQ4,4,1399,29,0.6451318777269788,0.12984992943152232,0.4935012917827677,0.5268314455946287,0.28530118490258854,0.41612314588769717,0.18425821245249713
ARQ4,4,1450,29,0.4804670744790481,0.46006099621836954,0.40576817324528325,0.24000370703064478,0.4990534126185454,0.4170706727183783,0.09388173213631384
ARQ4,4,1500,29,0.4086664494872093,0.5762832963466644,0.2061624763906002,0.6888857209682464,0.5191933012008667,0.47983824887871745,0.16402144151725337
ARQ4,4,1549,29,0.5647254248078053,0.4338295135933619,0.2844257406317271,0.6930110385784736,0.3152477718316592,0.4582478978886054,0.15343443672313423
ARQ4,4,1599,29,0.49500716568153597,0.32306957606957337,0.4288639403949274,0.20438943900794626,0.4257332498782149,0.37541267420643953,0.10166689479334276
ARQ4,4,1650,29,0.2046308546112134,0.2711072710271065,0.34487095131323886,0.42292125494434285,0.6935401312433757,0.3874140926278555,0.169541037992477
ARQ4,4,1699,29,0.44913363373168164,0.2720816237068622,0.3695990844307659,0.13791718361812216,0.4415216326156509,0.33405063162061654,0.11693270996100931
ARQ4,4,1749,29,0.4852545941338956,0.2063105731334501,0.3660669514855135,0.3904023801238791,0.38078140952054734,0.36576318167945715,0.09004005949137135
ARQ4,4,1800,29,0.20993333414196969,0.704591720700264,0.6587078285217285,0.2655597597360611,0.37152502477169036,0.4420635335743427,0.20291352466538204
ARQ4,4,1850,29,0.41581728128553597,0.38493267135712705,0.24250007977763427,0.32436687101438205,0.6352009420256013,0.40056356909205615,0.13139383617889192
ARQ8,8,50,52,0.0,0.0,0.0,0.0,0.0,0.0,0.0
ARQ8,8,99,52,0.0,0.0,0.0,0.0,0.0,0.0,0.0
ARQ8,8,149,52,0.3164805753919102,0.25298422875020327,0.2559291585879838,0.3210743318168109,0.37079174696599076,0.3034520083025798,0.044317825460284586
ARQ8,8,200,52,0.2670625664293766,0.543298873603344,0.3352500830218196,0.32227247789502145,0.494052826166153,0.39238736542314295,0.10676817966550618
ARQ8,8,250,52,0.16673335018754004,0.27522324192523956,0.0923015200048685,0.21906937128305434,0.23589790332317354,0.1978450773447752,0.06323488061921298
ARQ8,8,299,52,0.026024762156109014,0.08645264865209659,0.3225996185839176,0.29705889989932377,0.1036656313141187,0.16716031212111312,0.11958224449954555
ARQ8,8,349,52,0.3956773552374962,0.5705472890637878,0.6931419148404374,0.405560706415747,0.3856740918679115,0.490120271485076,0.12220072155106158
ARQ8,8,400,52,0.42516872972249986,0.18154188007116318,0.6424779629707337,0.36639424741268156,0.30620211984962226,0.3843569880053401,0.15222144885098296
ARQ8,8,449,52,0.3685740153346441,0.16874875728271704,0.36968198299935434,0.05039814955233473,0.3685015541526069,0.2651808918643314,0.13245116704663173
ARQ8,8,499,52,0.1106433575451374,0.21698066249489784,0.19032549768686294,0.622777801990509,0.15945553040504457,0.2600365700244904,0.1847861053292229
ARQ8,8,550,52,0.18012226765806025,0.4908752804452723,0.6931527890942314,0.1440884756771001,0.09292093393477527,0.32023194936188787,0.23260122231549268
ARQ8,8,600,52,0.6931514662504196,0.21369030751287937,0.38031897738575937,0.6931550699472427,0.40050711631774905,0.47616458748281004,0.18866444105933583
ARQ8,8,649,52,0.1839707998917737,0.2665819808191389,0.014664164154764708,0.2891270079470556,0.10844210313137519,0.1725572111888216,0.10158780065567648
ARQ8,8,699,52,0.29890967361055887,0.2786604816842283,0.24447521718983084,0.35519429665600133,0.2508242583841595,0.2856127855049558,0.039923100084757086
ARQ8,8,750,52,0.6931354486280017,0.20954994843513877,0.3076545165644752,0.693131184136426,0.247389349396582,0.43017208943212476,0.2169753113059917
ARQ8,8,800,52,0.3962558750808239,0.2820816598832607,0.4456049764156342,0.14601572938263416,0.36896354287862776,0.3277843567281961,0.10525620457440778
ARQ8,8,849,52,0.16021204405577383,0.29398768109695933,0.6931383576348563,0.513368134465173,0.2537573855022125,0.382892720550995,0.19361968569776233
ARQ8,8,900,52,0.3187546044588089,0.06807996444404125,0.33728120386600496,0.6932479417324067,0.09660222008824348,0.302793186917901,0.22427845073764718
ARQ8,8,950,52,0.021530452825761628,0.07166114133202804,0.6931495942034811,0.3555557429790497,0.17641544117117827,0.26366247450229974,0.24331380210171716
ARQ8,8,999,52,0.17605445795768015,0.34235269932059553,0.19079715698151975,0.09904974433887112,0.04255420852217588,0.1701616534241685,0.1014404939335488
ARQ8,8,1049,52,0.6931492408116658,0.05624393756900515,0.4902926598276411,0.39322109818458556,0.15343226634320759,0.35726784054722105,0.22976896474426198
ARQ8,8,1100,52,0.2725950349867344,0.1374132303148508,0.29236765280365945,0.22987605705857278,0.3576956771314144,0.2579895304590464,0.07302808129179288
ARQ8,8,1150,52,0.05311784020492009,0.2802497474920182,0.2723838833825929,0.09959148537544978,0.2621985375881195,0.1935082988086201,0.09694703128777414
ARQ8,8,1199,52,0.32752581665275293,0.38067827667665044,0.3741328209091764,0.2576589021797574,0.1230393479996865,0.2926070328836047,0.0954954356531725
ARQ8,8,1249,52,0.5850298438753401,0.5856740843682062,0.2517609356414704,0.13865104346048265,0.45358877210390003,0.4029409358898798,0.17989859198601482
ARQ8,8,1300,52,0.6932109701633453,0.6931524801254273,0.6931495028734207,0.5358367303013801,0.45729090362787245,0.6145281174182892,0.09946856768350958
ARQ8,8,1349,52,0.3231805031402753,0.33526435695015466,0.3476598305770984,0.3511560205370188,0.19534598305248296,0.310521338851406,0.05842649893992708
ARQ8,8,1399,52,0.3370017545918624,0.2852749189844838,0.23510512778604473,0.12056290958490637,0.272997950790105,0.2501885323474805,0.07255090740043653
ARQ8,8,1450,52,0.1037050411105156,0.20479773371838605,0.2812317262332027,0.6931502847717359,0.5168542085358729,0.3599477988739427,0.21520763542097138
ARQ8,8,1500,52,0.693154193162918,0.13262662030756472,0.3851622372865677,0.14482625111937522,0.08343736909329891,0.2878413341939449,0.22806831176947373
ARQ8,8,1549,52,0.4403953503530759,0.37296507966059905,0.0989779680967331,0.306665360641021,0.2736065946519375,0.2985220706806733,0.1150432371451151
ARQ8,8,1599,52,0.518103052801061,0.6931736185171894,0.43665783427586063,0.2632668204257421,0.13149771094322205,0.40853980739261503,0.19578952911884237
ARQ8,8,1650,52,0.08671528201263684,0.0479433574857047,0.2669324724433514,0.5937349194517503,0.4498439027139774,0.2890339868214841,0.20892511299600305
ARQ8,8,1699,52,0.2648315663649657,0.043079521994445924,0.4588658617478665,0.4153357056256767,0.11593400631274019,0.25960933240913897,0.16217823383790467
ARQ8,8,1749,52,0.41781757034144357,0.2853399761093473,0.26464473687618684,0.40419702130613977,0.43527396790032247,0.361454654506688,0.07158014200890812
ARQ8,8,1800,52,0.25834300071001054,0.11356125220656395,0.5424125427007676,0.26825446024537086,0.06275081150233745,0.24906441347301006,0.16708162076670904
ARQ8,8,1850,52,0.028344226530888705,0.28742453152114905,0.33253283552753116,0.14145069460845688,0.3393688282920319,0.22582422329601154,0.12181210505286705
ARQ16,16,50,98,0.0,0.0,0.0,0.0,0.0,0.0,0.0
ARQ16,16,99,98,0.0,0.0,0.0,0.0,0.0,0.0,0.0
ARQ16,16,149,98,0.413157858004506,0.3384182196510518,0.49537734737332234,0.2828482432711257,0.30637840022826757,0.3672360137056547,0.07769739680218868
ARQ16,16,200,98,0.3824595027975738,0.33276407107710837,0.28399726659059527,0.6931622564792633,0.4006690385192633,0.41861042709276075,0.14317666680878186
ARQ16,16,250,98,0.2939875907599926,0.6931635828018189,0.33552671378850935,0.6931617388725281,0.6931689872741699,0.5418017226994037,0.185845925037119
ARQ16,16,299,98,0.6931506284077962,0.6931519977251689,0.25059981175077456,0.6931614538033803,0.693152879079183,0.6046433541532605,0.17702177124189478
ARQ16,16,349,98,0.3940840763414008,0.2784957486626684,0.6931529208126231,0.2680804859110528,0.603576532795898,0.4474779529047286,0.17222792983096383
ARQ16,16,400,98,0.6931547003984452,0.2597063050395809,0.4668320220708847,0.3486120054125786,0.6931535315513611,0.49229171289457,0.1766801834327299
ARQ16,16,449,98,0.32748852769094233,0.26792890585101814,0.3631448414077801,0.2792247998511699,0.6931289961907716,0.3861832141983364,0.15723595630157133
ARQ16,16,499,98,0.2934428141117096,0.6931569170951843,0.24757412128522993,0.25546627170592545,0.26072194463014603,0.3500724137656391,0.1722519180696691
ARQ16,16,550,98,0.6931558348915794,0.2702368611385199,0.3169798241758888,0.6931618045676838,0.29515107619491493,0.4537370801937174,0.19604588079006627
ARQ16,16,600,98,0.2915241176076233,0.6931575655937194,0.27355722300708296,0.6931520724296569,0.3285892456769943,0.45599604486301537,0.19445102179243007
ARQ16,16,649,98,0.6931300518709586,0.2646834880728787,0.27884592289754423,0.6931450995830221,0.2575747598765777,0.4374758644601962,0.208859231281311
ARQ16,16,699,98,0.26821027193855274,0.26700821524470025,0.2673819620862731,0.6931531546462295,0.25460009675067014,0.35007074013328515,0.17161476638375722
ARQ16,16,750,98,0.2546791519831728,0.693130753658436,0.283794155827275,0.2531089661297975,0.2574653905531805,0.34843568363037236,0.17271148365807482
ARQ16,16,800,98,0.33888264283537867,0.6931140673160553,0.6931532615423203,0.6931522834300995,0.6931517338752746,0.6222907977998257,0.14170407826184483
ARQ16,16,849,98,0.2635904533753746,0.33736942875608106,0.2803879481888263,0.6931364803670723,0.693140367481196,0.45352493563371005,0.19716636290158418
ARQ16,16,900,98,0.27522447824478147,0.6931570392847061,0.6931565910577774,0.2948298479616642,0.6931513392925263,0.5299038591682911,0.20003708299551418
ARQ16,16,950,98,0.6931524940256802,0.30096361666636645,0.6931495733980862,0.693148894130059,0.25674262667461384,0.5274314409789611,0.20344451368992783
ARQ16,16,999,98,0.264326252378859,0.6931533480549718,0.6931100267547745,0.2521030972334179,0.25863026223472646,0.43226459733134986,0.21303221092247454
ARQ16,16,1049,98,0.6931583285331726,0.6931519514038449,0.6931517447744097,0.250998422787303,0.6931526053519476,0.6047226105701355,0.17686209390809302
ARQ16,16,1100,98,0.6931525886058807,0.2620264120027423,0.3427561341226101,0.2626873979717493,0.27223410665988923,0.3665713278725743,0.16603825158529287
ARQ16,16,1150,98,0.31757744749387107,0.6931496029808408,0.24551337130722545,0.6931533881596157,0.6931440926733471,0.52850758052298,0.20292740679055682
ARQ16,16,1199,98,0.6931527606937864,0.2502183679046981,0.6931519606791505,0.693152233001289,0.25033189417845614,0.516001443291476,0.2169646283848472
ARQ16,16,1249,98,0.29455053877262843,0.272711084995951,0.24669762580167678,0.2641684511942523,0.6931260449545724,0.35425074914381616,0.17013629407217126
ARQ16,16,1300,98,0.2768847522139549,0.6931530183553696,0.6931503868103027,0.6931505393981934,0.6931521558761596,0.609898170530796,0.16650670916136037
ARQ16,16,1349,98,0.2765758389320511,0.693155825138092,0.693184803884763,0.24366482433218223,0.2951145732345489,0.44033917310432746,0.2070925329613906
ARQ16,16,1399,98,0.6931490048214242,0.24955863629778227,0.27199954511942687,0.2514149223764737,0.2818999684381264,0.3496044154106467,0.17220895877206824
ARQ16,16,1450,98,0.27406346454070163,0.6931499288632319,0.6931543143895956,0.6931541693898348,0.2515351354645995,0.5210114025295927,0.2109496286427194
ARQ16,16,1500,98,0.2704263500124216,0.28195718295872213,0.6931556296348572,0.693150817155838,0.6931513863801956,0.526368273228407,0.20430080526266825
ARQ16,16,1549,98,0.25441889077998125,0.2773148213298275,0.6931377293971869,0.6931571656694779,0.6931455639692453,0.5222348342291439,0.20944875878662012
ARQ16,16,1599,98,0.23716396873242387,0.245887670561532,0.6931527669184676,0.26172906626886294,0.6931563220291495,0.4262179589020872,0.218095071623116
ARQ16,16,1650,98,0.6931211392466838,0.6931220579605836,0.6931221404900918,0.26605458256716913,0.30290284681205565,0.5296645534153168,0.2005322329842788
ARQ16,16,1699,98,0.6931318941517411,0.23954295805681533,0.6931502050328477,0.2861306165980401,0.6931481472799711,0.5210207642238831,0.21132049510272488
ARQ16,16,1749,98,0.27019070175666254,0.2649234008152508,0.275872846396224,0.6931523217738254,0.693149492578599,0.43945775266411236,0.20716854459762166
ARQ16,16,1800,98,0.27854768887162207,0.6931517446041107,0.6931541603803635,0.25514638863503936,0.693151643872261,0.5226303252726793,0.20897724404309587
ARQ16,16,1850,98,0.24730659399217772,0.6931515445986998,0.24425040243320095,0.6931555485262454,0.6931502570226354,0.5142028693145918,0.2191697120985586
ARQ32,32,50,195,0.0,0.0,0.0,0.0,0.0,0.0,0.0
ARQ32,32,99,195,0.0,0.0,0.0,0.0,0.0,0.0,0.0
ARQ32,32,149,195,0.27444199715419076,0.025893432483539584,0.693158421740436,0.3201125480809668,0.12055491649580106,0.28683226319098687,0.22895382616210358
ARQ32,32,200,195,0.6931612813472747,0.32850280912593005,0.30876369088422506,0.29894209501799196,0.5322297766804696,0.4323199306111783,0.15611148177625558
ARQ32,32,250,195,0.26908727598562837,0.015469393522245809,0.2668375841155648,0.27148313680570574,0.27797269326541574,0.2201700167389121,0.10241805597351791
ARQ32,32,299,195,0.0008963490040817608,0.0007559998905829464,0.27551390256965536,0.0013221780246628137,0.6931467175483703,0.19432702940747065,0.271126698758231
ARQ32,32,349,195,0.19103232930159658,0.00399455177382781,0.2720894160278492,0.6931570055138352,0.69313645362854,0.3706819512491298,0.27728007152660233
ARQ32,32,400,195,0.6931596422195434,0.2870772734237835,0.2896460256818682,0.6931539517641068,0.47157946646213533,0.48692327191028745,0.18119420581656132
ARQ32,32,449,195,0.25539077284531586,0.6931518991436578,0.2559903648463531,0.2624809237710093,0.28068583241490797,0.3495399586042488,0.17204936942168003
ARQ32,32,499,195,0.0130185401821509,0.6931581473350525,0.6931508769989013,0.6931558923721314,0.25368579843034966,0.4692338510637172,0.284610392791549
ARQ32,32,550,195,0.6931550844149156,0.6931534572081133,0.26501312480540945,0.2587289052962495,0.27443972538987343,0.43689805942291227,0.20929208311795644
ARQ32,32,600,195,0.6931453019380569,0.27330241608200595,0.6931519442796708,0.1275709752808325,0.6931621026992798,0.4960665480559692,0.24574059165938114
ARQ32,32,649,195,0.27087482575480953,0.6931393698814812,0.27458622189956383,0.25606006469124704,0.26335365809030287,0.35160282806348087,0.1708871633637313
ARQ32,32,699,195,0.25836634732042557,0.2533174591889191,0.2641294706358105,0.6931424028853066,0.004539146691035383,0.29469896534429946,0.22222370506823902
ARQ32,32,750,195,0.6931283015895773,0.6931256254514059,0.2619912620694204,0.002340908083877164,0.2603270515144147,0.3821826297417391,0.2709048680780292
ARQ32,32,800,195,0.6931626147031784,0.6931615835428238,0.6931522440910339,0.27202284294413404,0.2656668538041413,0.5234332278170621,0.20788025841278684
ARQ32,32,849,195,0.6931249594019953,0.002875819441070345,0.0011477548700853067,0.25474687965443166,0.0033022683188884965,0.1910395363372942,0.2693912220079172
ARQ32,32,900,195,0.26036222659051417,0.2615312626212835,0.25655697580426934,0.09912840964272618,0.2606455646455288,0.2276448878608644,0.06428086701195072
ARQ32,32,950,195,0.25626694988393456,0.2578039881685432,0.6931535781554456,0.2530988631017708,0.2555317669966311,0.343171029261265,0.17499786893260622
ARQ32,32,999,195,0.6931524539853001,0.26528552758532603,0.24354842966338536,0.6931562273351995,0.013883141348734163,0.38180515598358905,0.26904831708545635
ARQ32,32,1049,195,0.6931494463057745,0.2582803406176113,0.25641291652406967,0.24881437300216583,0.17722308703121684,0.3267760326961676,0.1856427806783941
ARQ32,32,1100,195,0.6931517732143402,0.3088211904466152,0.2433728438615799,0.2512133776396513,0.2574801466986537,0.35080786637216804,0.17270416382614479
ARQ32,32,1150,195,0.6931565999984741,0.6931539785294306,0.693148120244344,0.2550075526038806,0.0010530112045151847,0.4671038525161289,0.2882647193853111
ARQ32,32,1199,195,0.2525194076086403,0.6931493604948761,0.2599250783614062,0.25254963684416964,0.25658897095607647,0.3429464908530337,0.1751233135130945
ARQ32,32,1249,195,0.24827097696917397,0.25877757136310847,0.252996519009494,0.24422020783697787,0.008090711749225323,0.20247119738559594,0.0973114471740083
ARQ32,32,1300,195,0.25984509713947773,0.2626753498613834,0.6931554138660431,0.25300318390131,0.24901172548532485,0.34353815405070776,0.1748755990723519
ARQ32,32,1349,195,0.6931529709926019,0.2530252697089544,0.6931509816875825,0.6931539613466996,0.001959645038788529,0.4668885657549254,0.28826470540024934
ARQ32,32,1399,195,0.0005916387103584215,0.25486056754986447,0.011523591367424361,0.0029730774544144945,0.25483965804731407,0.10495770662587516,0.1224406318904076
ARQ32,32,1450,195,0.2456919068040756,0.6931543653974166,0.26010296543916833,0.0005619906724650019,0.24051119530430207,0.2880044847234855,0.22431855686268365
ARQ32,32,1500,195,0.6931584864854813,0.2533442913740873,0.24939656792324968,0.0017497768689645455,0.005439048211555928,0.2406176341726677,0.25195201171685755
ARQ32,32,1549,195,0.2543211659744534,0.2650783716056209,0.2536631697932115,0.24158933314566428,0.2528476711505881,0.2534999423339076,0.007443777868837643
ARQ32,32,1599,195,0.2444142812044821,0.010700320198296387,0.002974689807568755,0.2537849060842924,0.6931517519683481,0.24100518985259756,0.25072307776591746
ARQ32,32,1650,195,0.25272678669828635,0.6931134439431704,0.2523332259689386,0.25206067876290317,0.25804185738357216,0.34165519855137416,0.17574296246050927
ARQ32,32,1699,195,0.2485116399197935,0.24746980316171022,0.2519279370241076,0.24971431953327677,0.011544752652782982,0.20183369045833421,0.09515603373341225
ARQ32,32,1749,195,0.6931153987217875,0.0850737867424789,0.6931513576831633,0.24567769359327057,0.24694609547992355,0.3927928664441248,0.25219596878186146
ARQ32,32,1800,195,0.26518874138593673,0.6931532716751099,0.0018152454664232208,0.6931503945589066,0.011221853885799646,0.3329059013944352,0.3089470910280478
ARQ32,32,1850,195,0.5352789201204059,0.6931493675824508,0.0014035765407154862,0.6931507824694069,0.26230206572025727,0.4370569424866472,0.2687556749810161
ARQ64,64,50,389,0.0,0.0,0.0,0.0,0.0,0.0,0.0
ARQ64,64,99,389,0.0,0.0,0.0,0.0,0.0,0.0,0.0
ARQ64,64,149,389,0.2613750578962179,0.6931541710091917,0.001906065570047276,0.2756751029919786,0.6931546714481891,0.3850530137831249,0.26978298782777105
ARQ64,64,200,389,0.6931892567873001,0.6931579238176346,0.034965196460252625,0.693155106306076,0.693161940574646,0.5615258847891819,0.26328034444600534
ARQ64,64,250,389,0.6931578121185302,0.21267887913621963,0.6931556720733643,0.10740483981953003,0.024217483450309375,0.3461229373195907,0.2895795888133975
ARQ64,64,299,389,0.2395156984665664,0.2436404938837101,0.6931615765889486,0.23922840725282488,0.2512103126568066,0.33335129776977135,0.1799571308556582
ARQ64,64,349,389,0.2631870162979009,0.6931348269821233,0.010754557291144539,0.6931582852306529,0.6931355300112667,0.47067404316261763,0.2839203942088445
ARQ64,64,400,389,0.6931599932909012,0.0010931880853604526,0.013151839821948669,0.2983100103674224,0.6931540441513061,0.3397738151433877,0.3075272690911138
ARQ64,64,449,389,0.00012901426581804953,0.6931283964520008,0.693128687618053,0.0005699494715887679,0.008482744778708381,0.2790877585172338,0.3380759575132308
ARQ64,64,499,389,0.08263729753438383,0.6931547694206238,0.6931569142341614,0.00023397150001255794,0.25398003575269834,0.34463259768837606,0.2961103650402612
ARQ64,64,550,389,0.03129859109070491,0.6931597389958122,0.6931549099358645,0.2586307708044015,0.6931523751128804,0.47387927718793266,0.2780129488811341
ARQ64,64,600,389,0.25372773706912993,0.6931508672237396,0.0004477361755562015,0.6931561756134034,0.6931530368328095,0.4667271105829277,0.288649173653773
ARQ64,64,649,389,0.00036248567216675044,0.6931400069402992,0.6931417568014302,0.6931217427647441,0.6931276589358618,0.5545787302229004,0.27710812237671967
ARQ64,64,699,389,0.0008021512160970209,0.6931497464832078,0.6931447743350624,0.693150370548933,0.6931563050318987,0.5546806695230397,0.27693925917763
ARQ64,64,750,389,0.24523831879442123,0.6931303137982333,0.6931379829291944,0.6931316604216894,0.0877359702286345,0.4824748492344346,0.26276640832581316
ARQ64,64,800,389,0.001418235955061391,0.6931492686271667,0.20665294662117958,0.0006004318309715018,0.190016789684596,0.21836753454379504,0.2533172716202204
ARQ64,64,849,389,0.25723859340237526,0.013230447682430185,0.24569006253765008,0.24147483894500008,0.6931231523228583,0.2901514189780628,0.2211338589930713
ARQ64,64,900,389,0.016397052227985112,0.2635576617717743,0.10328831493854523,0.6931576144695282,0.0719380092062056,0.2296677305228077,0.2458886755633006
ARQ64,64,950,389,0.04074113062178751,0.6931553370547745,0.050735593421982146,0.26210688827735074,0.6931603697111022,0.3479798638173994,0.2927181758484869
ARQ64,64,999,389,0.24440835785489898,0.2434746555496564,0.011357194771318956,0.693153770657273,0.6931505407299008,0.37710890391260965,0.27166469553371336
ARQ64,64,1049,389,0.25186370937597186,0.6931516681398664,0.24596966934346018,7.845341325654382e-05,0.6931523493358067,0.3768431699216723,0.27378895278818277
ARQ64,64,1100,389,0.010449291849508881,0.003641369657125324,0.6931525045633316,0.1754776457324624,0.25493357103317976,0.22753087656712156,0.25199796534499197
ARQ64,64,1150,389,0.25070107703407607,0.000430988445822593,0.2470234623267537,0.6931647868383498,0.253433553590661,0.2889507736471327,0.22410490693371546
ARQ64,64,1199,389,0.6931538510760036,0.0008255968694340164,0.6931516380485044,0.0001079520191799704,0.00010050908634877004,0.2774679094198942,0.3394053488581146
ARQ64,64,1249,389,0.6931263469514393,0.09145038509297938,0.00016726313756191215,0.24786244957219986,0.0012230934511448834,0.20676590764106506,0.2594085275395598
ARQ64,64,1300,389,0.2676100967824459,0.003879170500440523,0.2537937655299902,0.6931554734706878,0.2522736130654812,0.2941424238698091,0.22250804297239524
ARQ64,64,1349,389,0.2490111801486749,0.0002903718053018495,0.0003192894933957947,0.6931532856363517,0.0012999175132091085,0.18881480891938668,0.2698943352270626
ARQ64,64,1399,389,0.123413879217373,7.604442897799244e-05,0.6931597480067501,0.6931498017576005,0.24904541640232006,0.35176897796260437,0.28964620675795033
ARQ64,64,1450,389,0.00023094112713386913,0.0001614357340888371,0.005027967267848838,0.24678426028157657,0.693152126784508,0.1890713462390312,0.2693131381851099
ARQ64,64,1500,389,0.2584279328584671,0.6931567853689193,0.24826753437519072,0.6931512182950974,0.24883554369211197,0.42836780291795734,0.21622717708648384
ARQ64,64,1549,389,0.6931348248169973,0.004277572394830014,0.11316349751387651,0.6931470231367991,0.6931455490680841,0.4393736933861175,0.31270353239027165
ARQ64,64,1599,389,0.6931482603616803,0.0003462301461253463,0.24350321000424502,0.0011333838756909926,0.24134000690183907,0.23589421825791615,0.2528890335514499
ARQ64,64,1650,389,0.0019586022116037873,0.18304875804684484,0.6931561409280851,0.24472321290522814,0.6931231480378371,0.3632019724259198,0.2809650886005509
ARQ64,64,1699,389,0.6931493232183368,0.6931474448364472,0.0001795032071428391,0.2457365291976483,7.835993929912997e-05,0.3264582320797748,0.31254470343995955
ARQ64,64,1749,389,0.6931496262550354,0.09248887071187056,0.24577626745099002,0.004208813435838838,0.6931501754279276,0.34575475065633243,0.29399309890689074
ARQ64,64,1800,389,0.00036232598780770785,0.6931516182422638,0.2488815788924694,0.6931531566381455,0.2541622411459684,0.37794218418133096,0.2732250383573915
ARQ64,64,1850,389,0.0020261666826786274,0.2556214485932322,0.693150623909478,0.12951124094209623,0.6931528339108217,0.35469246280766137,0.2877514603210802
ARQ128,128,50,772,0.0,0.0,0.0,0.0,0.0,0.0,0.0
ARQ128,128,99,772,0.0,0.0,0.0,0.0,0.0,0.0,0.0
ARQ128,128,149,772,0.6931569020220097,0.6931538481840351,0.6931515604057568,0.693154458231574,0.693155138284568,0.6931543814255887,1.7421044996396555e-06
ARQ128,128,200,772,0.6931689524650574,0.6931612777709961,0.6931583344936371,0.6931631016731262,0.005428298889528378,0.555615993058469,0.27509384710633467
ARQ128,128,250,772,0.6931640577316284,0.6931613850593566,0.6932003421783447,0.6931552696228027,0.6931574482917786,0.6931677005767822,1.6602820232520147e-05
ARQ128,128,299,772,0.23503460710792448,0.693166719675064,0.6931590135892233,0.6931484659512838,0.6931452898184458,0.6015308192283882,0.18324810621869236
ARQ128,128,349,772,0.6931577895441626,0.6931358066379515,0.6931370532410777,0.6931553696974729,0.6931558429685414,0.6931483724178413,9.792608488071506e-06
ARQ128,128,400,772,0.6931596618890762,0.6931532669067383,0.6931582844257355,0.265658124294896,0.6931575697660446,0.6076573814564981,0.17099962859415943
ARQ128,128,449,772,0.6931294281925775,0.6931277777241395,0.6931483086231536,0.693150338873399,0.6931514017349851,0.693141451029651,1.0550306030542508e-05
ARQ128,128,499,772,0.24793713706496054,0.6931602334976197,0.6931540307998657,0.6931528806686401,0.693158739566803,0.6041126043195778,0.17808773364872943
ARQ128,128,550,772,0.6931555769660256,0.6931570557030764,0.6931596712632613,0.6931527506221424,0.6931546628475189,0.6931559434804049,2.328179613277381e-06
ARQ128,128,600,772,0.6931556397676468,0.6931569302082061,0.6931577092409134,0.6931560730934143,0.6931533277034759,0.6931559360027314,1.48610849285483e-06
ARQ128,128,649,772,0.6931399560849602,0.6931335625298526,0.6931411744257726,0.6931382133326399,0.6931394519062217,0.6931384716558894,2.631943569617113e-06
ARQ128,128,699,772,0.6931524429565821,0.693154274398445,0.6931512146933466,0.6931493093824794,0.6931599169714838,0.6931534316804673,3.6236755007667183e-06
ARQ128,128,750,772,0.6931308380983494,0.6931354364863148,0.6931351710248876,0.6931434168859765,0.6931342377706811,0.6931358200532418,4.137722118324635e-06
ARQ128,128,800,772,0.693156812787056,0.6931587547063828,0.6931526654958725,0.6931559610366821,0.6931542354822159,0.6931556859016419,2.0971266097948867e-06
ARQ128,128,849,772,0.6931205247050134,0.693135733359328,0.6931415640305136,0.6931227562583495,0.6931195314799514,0.6931280219666311,8.931719331160046e-06
ARQ128,128,900,772,0.6931508654356002,0.6931532478332519,0.25712738662958146,0.6931527835130692,0.6931659191846847,0.6059500405192375,0.17441132702643036
ARQ128,128,950,772,0.6931500311167735,0.6931512558235312,0.24901586581232413,0.6931505236985549,0.693152091975482,0.6043239536853331,0.17765404393786732
ARQ128,128,999,772,0.6931548913319906,0.6931557639225109,0.6931584203565443,0.6931616320266379,0.6931552795676498,0.6931571974410667,2.5382050515319544e-06
ARQ128,128,1049,772,0.6931521801721482,0.6931524390266055,0.6931510715257554,0.6931495740300133,0.6931537344342187,0.6931517998377481,1.398609208196625e-06
ARQ128,128,1100,772,0.6931588268280029,0.6931505471467971,0.6931509643793106,0.6931508404016494,0.6931544512510299,0.693153126001358,3.1875626386929475e-06
ARQ128,128,1150,772,0.6931501530465626,0.693152858529772,0.6931514149620419,0.693149977638608,0.69317094484965,0.6931550698053268,8.004615292673384e-06
ARQ128,128,1199,772,0.6931511256672921,0.6931514324398216,0.6931521646473386,0.69315652016106,0.6931526086746006,0.6931527703180225,1.946745103218647e-06
ARQ128,128,1249,772,0.6931300140562512,0.6931131777309236,0.6931191047032674,0.6931243629682632,0.693111777305603,0.6931196873528618,6.83791910215186e-06
ARQ128,128,1300,772,0.6931593120098114,0.6931533527374267,0.6931499719619751,0.6931549030542373,0.6931536448001862,0.6931542369127274,3.0173671658015345e-06
ARQ128,128,1349,772,0.6931500062346458,0.6931541487574577,0.6931512963313323,0.6931502297520638,0.6931523233652115,0.6931516008881422,1.5185058402382998e-06
ARQ128,128,1399,772,0.6931557329716506,0.6931525579205265,0.6931510976067295,0.6931505330182888,0.6931565271483527,0.6931532897331096,2.4244882491266626e-06
ARQ128,128,1450,772,0.6931516768840643,0.693150135760124,0.6931486181341685,0.6931545808911324,0.6931511834263802,0.6931512390191739,1.972264847856747e-06
ARQ128,128,1500,772,0.6931511169672012,0.6931562376022339,0.6931499481201172,0.6931519883871079,0.6931501001119613,0.6931518782377243,2.3014260722254647e-06
ARQ128,128,1549,772,0.6931515817458813,0.6931738807604864,0.6931501042384368,0.6931506269253217,0.6931540415837214,0.6931560470507694,9.018833919992936e-06
ARQ128,128,1599,772,0.6931526103866434,0.6931493633261351,0.6931556323978388,0.6931509080334245,0.6931500652126062,0.6931517158713296,2.238351301222509e-06
ARQ128,128,1650,772,0.6931493488641886,0.6931537699240905,0.6931217272694294,0.6931528529295554,0.6931579691859392,0.6931471336346406,1.2996541687100862e-05
ARQ128,128,1699,772,0.693130396793936,0.6931511965867515,0.6931487539104212,0.6931501755090518,0.6931503944307844,0.6931461834461891,7.932543238964039e-06
ARQ128,128,1749,772,0.6931517477174407,0.6931496575040724,0.6931514919382854,0.693149750093812,0.6931502147785669,0.6931505724064355,8.795495277858779e-07
ARQ128,128,1800,772,0.6931523102521896,0.6931503576040268,0.6931566846370697,0.6931545424461365,0.6931536275148392,0.6931535044908524,2.1229657893424877e-06
ARQ128,128,1850,772,0.6931505515737441,0.6931568372596815,0.6931511227366993,0.6931490874984889,0.006484970769130634,0.5558185139675489,0.2746667716118459
ARQ256,256,50,1538,0.0,0.0,0.0,0.0,0.0,0.0,0.0
ARQ256,256,99,1538,0.0,0.0,0.0,0.0,0.0,0.0,0.0
ARQ256,256,149,1538,0.6931644282084983,0.6931593086095464,0.6931567804125331,0.6931550154749979,0.6931491934213062,0.6931569452253764,5.008436627880497e-06
ARQ256,256,200,1538,0.6931642276048661,0.6931569206714631,0.6931701695919037,0.6931727731227875,0.6931633830070496,0.693165494799614,5.557135864492688e-06
ARQ256,256,250,1538,0.693158408164978,0.6931626830101013,0.6931575355529785,0.6931563792228699,0.6931622447967529,0.6931594501495362,2.5472904383865536e-06
ARQ256,256,299,1538,0.693141371011734,0.6931642226378123,0.6931493906180064,0.6931616906325022,0.6931553494930267,0.6931544048786163,8.311286267123476e-06
ARQ256,256,349,1538,0.693130743299794,0.6931476440185156,0.6931417477436554,0.6931540308854519,0.6931404644607478,0.6931429260816329,7.764584050594945e-06
ARQ256,256,400,1538,0.6931578803062439,0.6931614243984222,0.6931625032424926,0.6931581223011016,0.693153265118599,0.6931586390733718,3.2376537697725235e-06
ARQ256,256,449,1538,0.6931268135003285,0.6931584092368067,0.6931339955962865,0.6931475253231758,0.6931321357203796,0.6931397758753954,1.1550436017783633e-05
ARQ256,256,499,1538,0.6931549067497254,0.6931569328308106,0.693155098438263,0.6931547594070434,0.6931585221290588,0.6931560439109802,1.4675658794258233e-06
ARQ256,256,550,1538,0.6931573082100261,0.6931546140800823,0.6931567500938068,0.6931531407616355,0.6931596821004694,0.693156299049204,2.257466897635722e-06
ARQ256,256,600,1538,0.6931519132852554,0.693164610862732,0.6931539404392243,0.693153303861618,0.693153225183487,0.6931553987264633,4.6529797873522545e-06
ARQ256,256,649,1538,0.6931243363870393,0.6931424731508308,0.6931216279301075,0.6931417398496506,0.6931231853065141,0.6931306725248285,9.378168548304652e-06
ARQ256,256,699,1538,0.6931480872325408,0.6931550507871513,0.6931541689440736,0.6931672997963734,0.6931553279232775,0.6931559869366832,6.245028288965004e-06
ARQ256,256,750,1538,0.6931284494973995,0.6931279412022343,0.6931304666731093,0.693131121772307,0.6931309197787885,0.6931297797847676,1.3207863363071239e-06
ARQ256,256,800,1538,0.6931583434343338,0.6931509947776795,0.6931562429666519,0.693150525689125,0.6931553161144257,0.6931542845964432,3.0438692471656328e-06
ARQ256,256,849,1538,0.6931192557388377,0.6931369020560078,0.6931355640152904,0.6931214973191234,0.6931341819674055,0.693129480219333,7.51624061576322e-06
ARQ256,256,900,1538,0.6931520313024521,0.6931545454263687,0.6931543123722076,0.6931526571512222,0.6931538009643554,0.6931534694433212,9.701796159119573e-07
ARQ256,256,950,1538,0.6931555012487015,0.6931516331321789,0.6931488862577474,0.6931490723816853,0.6931503510700082,0.6931510888180642,2.417741996069941e-06
ARQ256,256,999,1538,0.6931506277204634,0.6931527375100969,0.6931521205214767,0.6931525769534411,0.6931512049726538,0.6931518535356264,8.12315503549559e-07
ARQ256,256,1049,1538,0.6931528017634437,0.6931543020975022,0.6931527217229208,0.6931543611344837,0.6931546932175046,0.6931537759871711,8.391764919300058e-07
ARQ256,256,1100,1538,0.6931496882438659,0.6931506317853927,0.6931523633003235,0.6931513899564743,0.6931535601615906,0.6931515266895294,1.3441992444700721e-06
ARQ256,256,1150,1538,0.6931509114447094,0.6931516647338867,0.6931524310793196,0.6931511782464527,0.6931575934092203,0.6931527557827176,2.47340467306811e-06
ARQ256,256,1199,1538,0.6931564922726482,0.6931512727649933,0.6931541775344708,0.6931512662030141,0.6931631149501976,0.6931552647450648,4.3872272540135475e-06
ARQ256,256,1249,1538,0.6931123631341117,0.6931164185206096,0.6931108304432461,0.6931142693474179,0.6931248960040864,0.6931157554898945,4.938853938497924e-06
ARQ256,256,1300,1538,0.6931520360708237,0.6931537091732025,0.6931512504816055,0.6931507635116577,0.6931515449285507,0.6931518608331679,1.0122754934424538e-06
ARQ256,256,1349,1538,0.6931511410153829,0.6931528901824584,0.6931538060307503,0.6931559987939321,0.6931540673741927,0.6931535806793432,1.5851611580745952e-06
ARQ256,256,1399,1538,0.6931490831904941,0.6931536092802331,0.693153010474311,0.6931538769492397,0.6931488182809618,0.6931516796350479,2.247297259807862e-06
ARQ256,256,1450,1538,0.6931590357652078,0.6931500687048986,0.693155149427744,0.693149919120165,0.6931515473585862,0.6931531440753204,3.4968898005759364e-06
ARQ256,256,1500,1538,0.6931543278694153,0.6931514889001846,0.6931520420312881,0.6931498599052429,0.6931502491235733,0.6931515935659409,1.5812397841008675e-06
ARQ256,256,1549,1538,0.6931473182944151,0.6931527944711539,0.6931464603314033,0.6931510613514826,0.6931499712742292,0.6931495211445368,2.3456618262202418e-06
ARQ256,256,1599,1538,0.693151761438245,0.6931515207914548,0.6931551215804626,0.6931513481051008,0.6931504378808993,0.6931520379592325,1.605540136700648e-06
ARQ256,256,1650,1538,0.693122437940194,0.693125022145418,0.6931181406745544,0.69312145618292,0.6931523147683877,0.6931278743422948,1.2417415027844451e-05
ARQ256,256,1699,1538,0.6931487255007307,0.6931488764620273,0.6931260183592823,0.6931475016558282,0.6931589574457329,0.6931460158847202,1.0817739711434832e-05
ARQ256,256,1749,1538,0.6931507228647621,0.6931520839339321,0.6931507674235742,0.693151840885866,0.6931539206828886,0.6931518671582046,1.1647720222937792e-06
ARQ256,256,1800,1538,0.6931526499986649,0.693153948187828,0.693154147863388,0.6931502759456635,0.6931499809026718,0.6931522005796433,1.7708307440906863e-06
ARQ256,256,1850,1538,0.6931500718431566,0.6931519953949937,0.6931506453208554,0.6931486783675778,0.6931508148758156,0.6931504411604799,1.0808166945572034e-06
ARQ300,300,50,1806,0.0,0.0,0.0,0.0,0.0,0.0,0.0
ARQ300,300,99,1806,0.0,0.0,0.0,0.0,0.0,0.0,0.0
ARQ300,300,149,1806,0.6931708787111628,0.69316295209347,0.6931458843634433,0.6931975007857252,0.693156634401155,0.6931667700709913,1.7405627177887624e-05
ARQ300,300,200,1806,0.693154769539833,0.6931739902496338,0.6931577503681183,0.6931668603420258,0.6931622141599655,0.6931631169319152,6.804941090383629e-06
ARQ300,300,250,1806,0.6931596598625183,0.6931562900543213,0.6931613097190857,0.6931623663902283,0.6931552753448487,0.6931589802742005,2.7683106765405718e-06
ARQ300,300,299,1806,0.6931542201836904,0.6931577563285828,0.6931592456499736,0.6931662412484487,0.6931712547938029,0.6931617436408997,6.155185290027888e-06
ARQ300,300,349,1806,0.6931293499775422,0.6931317499560169,0.6931633877957988,0.6931520134974749,0.693152754734724,0.6931458511923113,1.3147625782161468e-05
ARQ300,300,400,1806,0.6931523114442826,0.6931546527147293,0.6931618976593018,0.6931631469726562,0.6931568080186844,0.693157763361931,4.156630653992935e-06
ARQ300,300,449,1806,0.6931320054341207,0.693137707963454,0.6931601208923137,0.6931527399383814,0.6931234650907263,0.6931412078637993,1.3434518245862019e-05
ARQ300,300,499,1806,0.6931617183685302,0.6931677465438842,0.6931574740409852,0.6931553020477295,0.6931550440788269,0.6931594570159911,4.785393474777963e-06
ARQ300,300,550,1806,0.6931558782404119,0.6931559313427318,0.6931543241847645,0.6931558511473915,0.6931560846892271,0.6931556139209054,6.499138325782584e-07
ARQ300,300,600,1806,0.6931519240140915,0.6931531399488449,0.6931523817777634,0.6931534492969513,0.6931613630056381,0.6931544516086579,3.497582669912962e-06
ARQ300,300,649,1806,0.6931283665359567,0.6931259030595832,0.6931212178064049,0.6931288275149984,0.6931401983313604,0.6931289026496608,6.260029467691031e-06
ARQ300,300,699,1806,0.6931540991506006,0.6931542682851481,0.6931509696520292,0.6931479644571614,0.693139394124349,0.6931493391338577,5.484630005594296e-06
ARQ300,300,750,1806,0.6931300356432244,0.6931272684424011,0.6931322117646536,0.693132577670945,0.6931296482130334,0.6931303483468516,1.924369723530882e-06
ARQ300,300,800,1806,0.693156220316887,0.6931556177139282,0.6931584370136261,0.6931516188383102,0.6931553077697754,0.6931554403305054,2.201877757960302e-06
ARQ300,300,849,1806,0.6931238608939625,0.6931345323535884,0.6931337586073117,0.6931262055290079,0.693135306099865,0.6931307326967471,4.737646339351726e-06
ARQ300,300,900,1806,0.693153777718544,0.6931545877456665,0.6931512922048568,0.6931567811965942,0.6931541216373444,0.6931541121006013,1.7557918992115134e-06
ARQ300,300,950,1806,0.6931524895272165,0.6931437765652279,0.6931540943541616,0.6931492360133045,0.6931520430546887,0.6931503279029199,3.6307786667246887e-06
ARQ300,300,999,1806,0.693151989498654,0.6931528304074261,0.6931531746108253,0.6931527708027814,0.6931527439538423,0.6931527018547058,3.8833013516526523e-07
ARQ300,300,1049,1806,0.6931523561477662,0.6931688036237444,0.6931504658290318,0.6931520592598688,0.6931544723964873,0.6931556314513797,6.708522240291742e-06
ARQ300,300,1100,1806,0.6931515967845917,0.6931510901451111,0.6931506162881851,0.6931523078680039,0.6931515812873841,0.6931514384746553,5.65442546885487e-07
ARQ300,300,1150,1806,0.6931439728963943,0.693150558358147,0.6931509789966401,0.6931628159114293,0.6931554215294974,0.6931527495384217,6.219918589654089e-06
ARQ300,300,1199,1806,0.6931555757828809,0.6931501998813874,0.693152275654154,0.6931526261732119,0.6931552362004552,0.6931531827384179,1.998668101266956e-06
ARQ300,300,1249,1806,0.6931186641965593,0.6931173358644758,0.6931166387739636,0.6931165581657773,0.6931258133479528,0.6931190020697457,3.488316002486371e-06
ARQ300,300,1300,1806,0.6931513947248459,0.6931571960449219,0.6931554955244065,0.6931509089469909,0.6931534045934677,0.6931536799669266,2.393147167423261e-06
ARQ300,300,1349,1806,0.6931510584858748,0.6931516018051368,0.6931527996292481,0.6931521892547607,0.6931517439392897,0.693151878622862,5.851730231793022e-07
ARQ300,300,1399,1806,0.6931488662958145,0.6931551330619388,0.693152579996321,0.6931496389486171,0.6931502018813733,0.693151284036813,2.2898625534549574e-06
ARQ300,300,1450,1806,0.6931518402237159,0.6931544290139124,0.6931513066475208,0.6931535372367272,0.6931498858791131,0.6931521998001979,1.61489182256448e-06
ARQ300,300,1500,1806,0.6931552392244339,0.6931536549329758,0.6931567186117172,0.6931523561477662,0.6931570506095887,0.6931550039052963,1.7896892426827115e-06
ARQ300,300,1549,1806,0.693147785961628,0.6931526116453685,0.693149864100493,0.693147001358179,0.6931534506953679,0.6931501427522073,2.5510149528835585e-06
ARQ300,300,1599,1806,0.6931500863806109,0.6931569748949782,0.6931515269190351,0.6931514973952392,0.693152509003042,0.6931525189185811,2.357992280855333e-06
ARQ300,300,1650,1806,0.6931548204559547,0.6931209105711716,0.6931247395964769,0.6931516453623772,0.6931207632789245,0.693134575852981,1.5332913432206844e-05
ARQ300,300,1699,1806,0.6931258389882953,0.6931221401580027,0.6931585051188959,0.6931490758869135,0.6931476955101868,0.6931406511324589,1.4152175570774728e-05
ARQ300,300,1749,1806,0.6931504364152556,0.6931559889061937,0.6931523559162918,0.693150092097162,0.6931528246518478,0.6931523395973501,2.1083812932832692e-06
ARQ300,300,1800,1806,0.6931545150279999,0.6931518000364304,0.6931534725427627,0.6931517511606217,0.6931512880325318,0.6931525653600693,1.2251034347786805e-06
ARQ300,300,1850,1806,0.6931516267720935,0.6931511846560876,0.6931517841746506,0.6931497772920479,0.6931512269001563,0.6931511199590072,7.094249235451159e-07
ARQ350,350,50,2106,0.0,0.0,0.0,0.0,0.0,0.0,0.0
ARQ350,350,99,2106,0.0,0.0,0.0,0.0,0.0,0.0,0.0
ARQ350,350,149,2106,0.6931708787111628,0.6931622204364546,0.6931458843634433,0.6931974987855694,0.693156634401155,0.6931666233395569,1.743944339902185e-05
ARQ350,350,200,2106,0.693154769539833,0.6931739902496338,0.6931577503681183,0.6931668603420258,0.6931622141599655,0.6931631169319152,6.804941090383629e-06
ARQ350,350,250,2106,0.6931596598625183,0.6931562900543213,0.6931613097190857,0.6931623663902283,0.6931552753448487,0.6931589802742005,2.7683106765405718e-06
ARQ350,350,299,2106,0.6931542201836904,0.6931577551364899,0.6931592456499736,0.6931662412484487,0.6931712547938029,0.693161743402481,6.1553397534645415e-06
ARQ350,350,349,2106,0.693130856905228,0.6931317499560169,0.6931633877957988,0.6931520134974749,0.6931856707629994,0.6931527357835036,2.058052578207431e-05
ARQ350,350,400,2106,0.6931523114442826,0.6931546479463577,0.6931632214784622,0.6931631469726562,0.6931568109989166,0.6931580277681351,4.444343885346803e-06
ARQ350,350,449,2106,0.6931320291704837,0.693137707963454,0.6931498810253313,0.6931527436307047,0.6931268314344693,0.6931398386448885,1.0021010733627955e-05
ARQ350,350,499,2106,0.6931617183685302,0.6931677575111389,0.6931574740409852,0.6931553020477295,0.6931550440788269,0.6931594592094421,4.789193595869885e-06
ARQ350,350,550,2106,0.6931558744473891,0.6931559313427318,0.6931543241847645,0.6931558511473915,0.6931560846892271,0.6931556131623008,6.496070071479668e-07
ARQ350,350,600,2106,0.6931519240140915,0.6931531399488449,0.6931523817777634,0.6931534492969513,0.6931613630056381,0.6931544516086579,3.497582669912962e-06
ARQ350,350,649,2106,0.6931283665359567,0.6931259030595832,0.6931212178064049,0.6931288275149984,0.6931401983313604,0.6931289026496608,6.260029467691031e-06
ARQ350,350,699,2106,0.6931540991506006,0.6931542682851481,0.6931509696520292,0.6931479644571614,0.6931394725783259,0.693149354824653,5.456194725641231e-06
ARQ350,350,750,2106,0.6931300433697524,0.6931271255016327,0.6931322117646536,0.693132577670945,0.6931296482130334,0.6931303213040034,1.9702022708167805e-06
ARQ350,350,800,2106,0.693156220316887,0.6931556183099746,0.6931584370136261,0.693151615858078,0.6931553143262863,0.6931554411649705,2.202844892495959e-06
ARQ350,350,849,2106,0.693124334945857,0.693123459815979,0.6931337586073117,0.6931261921597418,0.693135306099865,0.6931286103257508,4.939480640941929e-06
ARQ350,350,900,2106,0.6931512129306793,0.6931545877456665,0.6931512928009034,0.6931567811965942,0.6931541216373444,0.6931535992622375,2.1160824031010516e-06
ARQ350,350,950,2106,0.6931524895272165,0.6931437748783039,0.6931540988526255,0.6931492472594639,0.6931520891639421,0.6931503399363104,3.636039591484483e-06
ARQ350,350,999,2106,0.693151989498654,0.6931528304074261,0.6931531746108253,0.6931527708027814,0.6931527439538423,0.6931527018547058,3.8833013516526523e-07
ARQ350,350,1049,2106,0.6931523561477662,0.6931558824720837,0.6931504658290318,0.6931520592598688,0.6931544723964873,0.6931530472210475,1.9071973039996475e-06
ARQ350,350,1100,2106,0.6931515967845917,0.6931510871648788,0.6931506162881851,0.6931523078680039,0.6931515812873841,0.6931514378786087,5.658108660098433e-07
ARQ350,350,1150,2106,0.6931439768700373,0.693150558358147,0.6931509789966401,0.6931628159114293,0.6931554215294974,0.6931527503331502,6.218797286577289e-06
ARQ350,350,1199,2106,0.6931555757828809,0.6931502020687138,0.693152275654154,0.6931526261732119,0.6931552362004552,0.6931531831758833,1.998015303173718e-06
ARQ350,350,1249,2106,0.6931186641965593,0.6931173358644758,0.6931166387739636,0.6931165473801749,0.6931258133479528,0.6931189999126252,3.4898296142492967e-06
ARQ350,350,1300,2106,0.6931513947248459,0.6931571960449219,0.6931554955244065,0.6931509089469909,0.6931534045934677,0.6931536799669266,2.393147167423261e-06
ARQ350,350,1349,2106,0.6931510584858748,0.6931516029513799,0.6931555196642876,0.6931521892547607,0.6931517439392897,0.6931524228591186,1.5899351202549886e-06
ARQ350,350,1399,2106,0.6931488662958145,0.69315512864678,0.693152579996321,0.6931496389486171,0.6931502018813733,0.6931512831537813,2.288378467352455e-06
ARQ350,350,1450,2106,0.6931518528323907,0.6931544290139124,0.6931513066475208,0.6931535297861466,0.6931498858791131,0.6931522008318167,1.6131081946619723e-06
ARQ350,350,1500,2106,0.6931552392244339,0.6931536549329758,0.693156720995903,0.6931523561477662,0.6931570506095887,0.6931550043821335,1.790146297458985e-06
ARQ350,350,1549,2106,0.693147785961628,0.6931526116453685,0.693149864100493,0.6931470007850573,0.6931534535609759,0.6931501432107046,2.551899421089176e-06
ARQ350,350,1599,2106,0.6931500863806109,0.6931569748949782,0.6931515269190351,0.6931514973952392,0.693152509003042,0.6931525189185811,2.357992280855333e-06
ARQ350,350,1650,2106,0.6931548204559547,0.6931209105711716,0.6931247395964769,0.6931516453623772,0.6931207632789245,0.693134575852981,1.5332913432206844e-05
ARQ350,350,1699,2106,0.6931258389882953,0.6931221401580027,0.6931585051188959,0.6931490758869135,0.6931476955101868,0.6931406511324589,1.4152175570774728e-05
ARQ350,350,1749,2106,0.6931504364152556,0.6931559900635654,0.6931523559162918,0.693150092097162,0.6931528159715596,0.6931523380927669,2.108385645261587e-06
ARQ350,350,1800,2106,0.6931545174121857,0.6931518000364304,0.6931534725427627,0.6931517511606217,0.6931503635644912,0.6931523809432983,1.4532711349056172e-06
ARQ350,350,1850,2106,0.6931516267720935,0.6931511846560876,0.6931517841746506,0.6931497772920479,0.693151228057528,0.6931511201904815,7.094599669710922e-07
ARQ400,400,50,2406,0.0,0.0,0.0,0.0,0.0,0.0,0.0
ARQ400,400,99,2406,0.0,0.0,0.0,0.0,0.0,0.0,0.0
ARQ400,400,149,2406,0.693170694296792,0.6931659455267375,0.6931632745185955,0.6931558211377803,0.6931643946058799,0.693164026017157,4.8201892834451465e-06
ARQ400,400,200,2406,0.6931592601537705,0.6931634068489074,0.6931665277481079,0.6931584632396698,0.6931611871719361,0.6931617690324783,2.9287921487597717e-06
ARQ400,400,250,2406,0.6931669311523437,0.6931681208610535,0.6931612195968628,0.6931696972846985,0.6931724843978881,0.6931676906585694,3.7321052657252315e-06
ARQ400,400,299,2406,0.693166526556015,0.6931606984138489,0.6931626590092977,0.6931618503729502,0.6931588208675384,0.69316211104393,2.556784965933457e-06
ARQ400,400,349,2406,0.6931415745335766,0.693155394660102,0.693152810773279,0.6931582072861174,0.6931517796638684,0.6931519533833888,5.646937295128626e-06
ARQ400,400,400,2406,0.6931626874208451,0.6931610083580018,0.6931572771072387,0.6931530433893204,0.6931513154506683,0.6931570663452149,4.391749967786635e-06
ARQ400,400,449,2406,0.6931295943471183,0.6931528391036312,0.693146960925212,0.6931297272707508,0.6931334385829689,0.6931385120459364,9.582127080749963e-06
ARQ400,400,499,2406,0.6931548438072205,0.693175983428955,0.6931626782417297,0.6931574759483338,0.693155613899231,0.693161319065094,7.824811270081207e-06
ARQ400,400,550,2406,0.693155802379955,0.6931559719822623,0.6931538977406242,0.6931532773104581,0.6931565116752277,0.6931550922177054,1.2660047052083426e-06
ARQ400,400,600,2406,0.6931565809249878,0.6931558412313461,0.6931549829244613,0.6931572264432907,0.6931536364555358,0.6931556535959243,1.2559976623741242e-06
ARQ400,400,649,2406,0.6931589901994127,0.6931293442708637,0.693120726751625,0.6931394376886,0.693145662272742,0.6931388322366486,1.3199920534457222e-05
ARQ400,400,699,2406,0.6931543350219727,0.6931539177894592,0.6931543350219727,0.693156392655821,0.6931515473585862,0.6931541055695624,1.543746425885723e-06
ARQ400,400,750,2406,0.6931270349908758,0.6931326643184379,0.6931343663621832,0.693134046263165,0.6931351897893129,0.6931326603447949,2.928275162348791e-06
ARQ400,400,800,2406,0.6931518709659577,0.6931509470939636,0.6931545609235763,0.6931535881757737,0.6931524747610092,0.6931526883840561,1.2697974428774623e-06
ARQ400,400,849,2406,0.6931237032480329,0.6931352860459657,0.693131621752944,0.6931346393077173,0.6931388595393885,0.6931328219788095,5.107215330488578e-06
ARQ400,400,900,2406,0.6931514209508896,0.6931574475765229,0.6931510645151139,0.6931568944454193,0.6931523126363754,0.6931538280248641,2.7651937639802417e-06
ARQ400,400,950,2406,0.6931541730772774,0.693153273384526,0.6931577583528915,0.6931563576437393,0.6931526998303971,0.6931548524577662,1.9130418724893928e-06
ARQ400,400,999,2406,0.6931523954546129,0.6931543715365298,0.6931503978935448,0.6931515803208222,0.6931506293313997,0.693151874907382,1.4369368229265894e-06
ARQ400,400,1049,2406,0.6931504749116444,0.6931504005477542,0.6931540108862377,0.6931505884443011,0.6931490977605184,0.6931509145100911,1.640234570357557e-06
ARQ400,400,1100,2406,0.6931511563062668,0.6931506609916687,0.6931502807140351,0.6931533896923066,0.6931580418348312,0.6931527059078217,2.8776445307651957e-06
ARQ400,400,1150,2406,0.6931553471656072,0.693151547227587,0.6931525690214975,0.6931545495986938,0.6931510323569888,0.6931530090740748,1.677971392996043e-06
ARQ400,400,1199,2406,0.6931532156576804,0.6931496273486986,0.6931547517076545,0.6931518272522392,0.6931529848947438,0.6931524813722033,1.7041394464432092e-06
ARQ400,400,1249,2406,0.6931175674710955,0.6931290337017604,0.6931155182066417,0.6931262606666202,0.6931227377482823,0.69312222355888,5.090806965387043e-06
ARQ400,400,1300,2406,0.6931546401977539,0.6931520217657089,0.6931501519680023,0.6931542384624482,0.6931510823965072,0.6931524269580841,1.7508617571829307e-06
ARQ400,400,1349,2406,0.6931524104796923,0.6931522190570831,0.6931519921009357,0.693149426808724,0.693154330437,0.693152075776687,1.56461377988168e-06
ARQ400,400,1399,2406,0.6931503630346723,0.6931502548632799,0.693151393422374,0.6931523183981577,0.6931551926665835,0.6931519044770135,1.8078699161357036e-06
ARQ400,400,1450,2406,0.693152323938333,0.693148716711081,0.693154207788981,0.6931568791086857,0.6931516700066053,0.6931527595107372,2.7125474654504585e-06
ARQ400,400,1500,2406,0.6931559032201767,0.6931507968902588,0.6931559932231903,0.693150190114975,0.6931528842449188,0.6931531535387039,2.4508262858736745e-06
ARQ400,400,1549,2406,0.6931453330012468,0.6931464614776465,0.6931542553580724,0.6931538398449237,0.6931476627404873,0.6931495104844754,3.779395558990357e-06
ARQ400,400,1599,2406,0.6931525056607255,0.6931494023198279,0.693152645480967,0.6931539506555717,0.6931504913579638,0.6931517990950111,1.6309214944180978e-06
ARQ400,400,1650,2406,0.6931207959468548,0.6931213043057002,0.6931536163275058,0.693151864867944,0.6931180071372253,0.693133117717046,1.6070849562885594e-05
ARQ400,400,1699,2406,0.6931485856804892,0.6931526443668615,0.6931487110173591,0.6931305633527096,0.6931480982593287,0.6931457205353496,7.752228570262987e-06
ARQ400,400,1749,2406,0.6931511140564113,0.6931527372702811,0.6931509392932781,0.6931527847225226,0.6931534768308251,0.6931522104346637,1.0028925410864597e-06
ARQ400,400,1800,2406,0.6931543052196503,0.6931502062082291,0.6931517595052719,0.6931545293331146,0.6931514817476273,0.6931524564027786,1.6860698865943576e-06
ARQ400,400,1850,2406,0.6931530630704269,0.6931514132370069,0.6931504398873709,0.6931517772304202,0.693150475765895,0.693151433838224,9.673242545902362e-07
ARQ450,450,50,2706,0.0,0.0,0.0,0.0,0.0,0.0,0.0
ARQ450,450,99,2706,0.0,0.0,0.0,0.0,0.0,0.0,0.0
ARQ450,450,149,2706,0.6931523004634268,0.6931772476074679,0.6931578936992876,0.6931654990919485,0.6931562911744086,0.6931618464073079,8.810773283800357e-06
ARQ450,450,200,2706,0.6931612437963486,0.6931531184911728,0.6931663990020752,0.6931579405069351,0.6931795728206634,0.693163654923439,9.05973414992134e-06
ARQ450,450,250,2706,0.6931638946533203,0.6931666097640992,0.6931677808761597,0.693158257484436,0.6931628632545471,0.6931638812065124,3.326112050871248e-06
ARQ450,450,299,2706,0.6931528460979461,0.6931473592917125,0.6931698787212371,0.6931614259878794,0.6931465868155161,0.6931556193828583,8.883162506752652e-06
ARQ450,450,349,2706,0.6931507755548526,0.6931640138992896,0.6931419148404374,0.693130757054712,0.6931407558612335,0.693145643442105,1.1164297785439674e-05
ARQ450,450,400,2706,0.6931580227613449,0.6931526434421539,0.6931529080867768,0.6931537562608718,0.6931561845541,0.6931547030210494,2.0772878911256842e-06
ARQ450,450,449,2706,0.6931355780204841,0.6931519893418371,0.6931576180247079,0.6931320871927041,0.693148509063552,0.693145156328657,9.754702157105591e-06
ARQ450,450,499,2706,0.6931569361686707,0.6931535539627075,0.6931573443412781,0.6931618795394897,0.6931519603729248,0.693156334877014,3.434927135553014e-06
ARQ450,450,550,2706,0.6931558451869271,0.6931545295498588,0.6931555980985815,0.693151595917615,0.6931607062166387,0.6931556549939243,2.942685378982998e-06
ARQ450,450,600,2706,0.6931514739990234,0.69315405189991,0.6931543272733688,0.6931550687551499,0.693150634765625,0.6931531113386155,1.7325661360523633e-06
ARQ450,450,649,2706,0.6931401316179048,0.6931406188448634,0.6931454812714813,0.6931226822214389,0.6931243910701996,0.6931346610051776,9.28939658456749e-06
ARQ450,450,699,2706,0.6931541215660225,0.6931521143668737,0.6931537374472007,0.6931721277726002,0.6931411914336376,0.693154658517267,9.941293792119471e-06
ARQ450,450,750,2706,0.6931397633420097,0.6931324104468027,0.6931349337100983,0.693131078724508,0.6931277601807205,0.6931331892808279,4.01988736894625e-06
ARQ450,450,800,2706,0.6931512224674224,0.6931506848335266,0.6931537640094757,0.6931540995836258,0.6931527268886566,0.6931524995565415,1.3516496604375351e-06
ARQ450,450,849,2706,0.6931335313297878,0.6931213764386757,0.6931383576348563,0.69311792772507,0.6931331146543271,0.6931288615565434,7.818526541757307e-06
ARQ450,450,900,2706,0.693153338432312,0.6931510871648788,0.6931532108783722,0.6931514710187912,0.6931525999307633,0.6931523414850235,9.10776962619095e-07
ARQ450,450,950,2706,0.6931501581983747,0.6931542326819222,0.6931495942034811,0.6931439154552963,0.6931494198880106,0.693149464085417,3.2871716038349586e-06
ARQ450,450,999,2706,0.6931567492785754,0.6931538415384723,0.6931565285802962,0.6931530097583393,0.6931558417844342,0.6931551941880234,1.4979775917592746e-06
ARQ450,450,1049,2706,0.6931492408116658,0.6931505793616886,0.6931540665172395,0.6931523101670402,0.6931520978609721,0.6931516589437212,1.638658622950003e-06
ARQ450,450,1100,2706,0.6931555885076522,0.6931512069702148,0.6931520849466324,0.6931500393152237,0.6931523960828782,0.6931522631645202,1.8530185080357426e-06
ARQ450,450,1150,2706,0.6931521779014951,0.6931563133285159,0.6931497954186939,0.6931510601724897,0.6931514739990234,0.6931521641640437,2.214580509870267e-06
ARQ450,450,1199,2706,0.6931534682938812,0.6931502140990091,0.6931538931820371,0.6931508620944592,0.6931533425226124,0.6931523560383999,1.5094930785208946e-06
ARQ450,450,1249,2706,0.6931145554497129,0.6931258996327718,0.6931315842128936,0.6931281038693019,0.6931163418860663,0.6931232970101493,6.683500559225943e-06
ARQ450,450,1300,2706,0.6931530499458313,0.6931524801254273,0.6931495052576065,0.6931516224145889,0.6931544321775437,0.6931522179841996,1.635672282251744e-06
ARQ450,450,1349,2706,0.6931518322000136,0.6931530896287698,0.6931527543526429,0.6931531028105662,0.6931536335211533,0.6931528825026293,5.958227340472359e-07
ARQ450,450,1399,2706,0.6931481217896497,0.6931607447288655,0.6931514044602712,0.6931521445512772,0.6931520755644198,0.6931528982188967,4.19185126505838e-06
ARQ450,450,1450,2706,0.6931541206745001,0.6931509696520292,0.693149633705616,0.6931500578155885,0.6931622051275693,0.6931533973950607,4.675711081868899e-06
ARQ450,450,1500,2706,0.6931533944606781,0.6931525754928589,0.6931527042388916,0.6931497180461883,0.6931526666879654,0.6931522117853165,1.2805612808899695e-06
ARQ450,450,1549,2706,0.6931448315198605,0.6931442933586928,0.6931495030338948,0.693148112640931,0.6931514940582789,0.6931476469223317,2.7435516798448358e-06
ARQ450,450,1599,2706,0.6931544286068355,0.6931504345385828,0.6931535980411779,0.6931553822811519,0.6931601857470575,0.6931548058429612,3.1618046518973657e-06
ARQ450,450,1650,2706,0.6931543843104289,0.6931497655235804,0.693125514456859,0.6931530982255936,0.6931504991192085,0.693146652327134,1.0701705787062286e-05
ARQ450,450,1699,2706,0.6931506529032627,0.6931241260510739,0.6931478537131692,0.6931318551580482,0.693148640828712,0.6931406257308532,1.0641354131168826e-05
ARQ450,450,1749,2706,0.6931541405835198,0.6931542898844747,0.6931516151983761,0.6931501974179907,0.6931545323538548,0.6931529550876432,1.7363695987701673e-06
ARQ450,450,1800,2706,0.6931507730484009,0.6931554341316223,0.6931502312421799,0.6931491577625275,0.6931519311666489,0.6931515054702759,2.1581208535229627e-06
ARQ450,450,1850,2706,0.6931512448394183,0.693153598933544,0.6931518038499702,0.6931507269155632,0.6931523356622863,0.6931519420401565,9.881242080595018e-07
ARQ500,500,50,3006,0.0,0.0,0.0,0.0,0.0,0.0,0.0
ARQ500,500,99,3006,0.0,0.0,0.0,0.0,0.0,0.0,0.0
ARQ500,500,149,3006,0.6931529117110592,0.6931633857272615,0.6931629948968056,0.6931546698480644,0.6931650750589051,0.6931598074484192,4.9931504696835205e-06
ARQ500,500,200,3006,0.6931590688228607,0.6931625664234161,0.6931689369678498,0.6931622564792633,0.693161084651947,0.6931627826690674,3.312852160363256e-06
ARQ500,500,250,3006,0.693162058353424,0.6931635780334473,0.6931638698577881,0.6931617388725281,0.6931689872741699,0.6931640464782716,2.6053707657058756e-06
ARQ500,500,299,3006,0.6931506284077962,0.6931508390108744,0.6931540886561076,0.6931614526112875,0.693152879079183,0.6931539775530497,3.9538008371427264e-06
ARQ500,500,349,3006,0.6931311905893505,0.6931539509031508,0.6931504897582226,0.6931683854160146,0.693154753273369,0.6931517539880214,1.1957242053728741e-05
ARQ500,500,400,3006,0.6931547003984452,0.6931527316570282,0.6931548303365708,0.6931527453660965,0.6931535345315933,0.6931537084579468,9.115364965167555e-07
ARQ500,500,449,3006,0.6931288996628956,0.6931336374409431,0.6931560092267737,0.69313169105918,0.6931289961907716,0.6931358467161127,1.023590214217332e-05
ARQ500,500,499,3006,0.6931578230857849,0.6931569170951843,0.6931646375656128,0.6931536226272583,0.6931561026573181,0.6931578206062318,3.6840643179636466e-06
ARQ500,500,550,3006,0.693155834349719,0.6931560424241152,0.6931544856591658,0.6931617975234985,0.6931620722467249,0.6931580464406448,3.220755514652021e-06
ARQ500,500,600,3006,0.6931532162427902,0.6931575697660446,0.6931542599201203,0.6931520670652389,0.6931554174423218,0.6931545060873031,1.8915507489887916e-06
ARQ500,500,649,3006,0.6931300518709586,0.6931288225935139,0.693139279107435,0.6931450995830221,0.6931249204031918,0.6931336347116244,7.419364927475013e-06
ARQ500,500,699,3006,0.6931523670498122,0.6931507021952898,0.6931531633067335,0.6931531566839951,0.6931498320693643,0.6931518442610389,1.3482487287128648e-06
ARQ500,500,750,3006,0.6931281476109116,0.6931313303885637,0.693132699087814,0.6931258539358774,0.6931300080484815,0.6931296078143296,2.404463290610063e-06
ARQ500,500,800,3006,0.6931596487760544,0.6931540727615356,0.6931532615423203,0.6931522834300995,0.6931517338752746,0.6931542000770569,2.840459971535813e-06
ARQ500,500,849,3006,0.6931194195123477,0.6931208177147624,0.6931200907609173,0.6931364803670723,0.693140367481196,0.6931274351672592,9.066885784458985e-06
ARQ500,500,900,3006,0.6931523299217224,0.6931570392847061,0.6931565952301025,0.693151542544365,0.6931513404846191,0.6931537694931029,2.5142822186285034e-06
ARQ500,500,950,3006,0.6931524940256802,0.6931499164059477,0.6931495733980862,0.693148894130059,0.6931545408266895,0.6931510837572925,2.1155872592215577e-06
ARQ500,500,999,3006,0.6931525049982844,0.6931533469810142,0.6931571847683674,0.6931511974549508,0.6931561070519525,0.6931540682509139,2.2394128349530513e-06
ARQ500,500,1049,3006,0.6931583330744788,0.6931519514038449,0.6931517447744097,0.6931509324482509,0.693152601945968,0.6931531127293905,2.6640760592089763e-06
ARQ500,500,1100,3006,0.6931525957584381,0.6931537872552872,0.6931521731615067,0.6931520009040832,0.6931542199850083,0.6931529554128647,8.880833327667947e-07
ARQ500,500,1150,3006,0.6931572760854449,0.693151372954959,0.6931502767971583,0.6931533875919523,0.6931522840545291,0.6931529194968087,2.4074225899825744e-06
ARQ500,500,1199,3006,0.6931527606937864,0.6931498362383711,0.6931519721626141,0.693152233001289,0.6931534349371534,0.6931520474066428,1.2135395856231446e-06
ARQ500,500,1249,3006,0.6931154739289057,0.6931257883707682,0.6931126367478143,0.6931258468400865,0.6931260449545724,0.6931211581684293,5.869042216168022e-06
ARQ500,500,1300,3006,0.6931535720825195,0.6931530183553696,0.6931503427028656,0.6931505393981934,0.6931521558761596,0.6931519256830214,1.2950030769698979e-06
ARQ500,500,1349,3006,0.6931513834458131,0.6931557947626481,0.6931531051030526,0.6931517106982378,0.6931514424773363,0.6931526872974176,1.6753658529978542e-06
ARQ500,500,1399,3006,0.6931490048214242,0.6931513823844768,0.6931512962888788,0.6931523697243797,0.6931495688579701,0.6931507244154258,1.2457383863375794e-06
ARQ500,500,1450,3006,0.6931488955250154,0.6931497907409301,0.6931543109508661,0.6931541693898348,0.6931503140009366,0.6931514961215166,2.2864147454249355e-06
ARQ500,500,1500,3006,0.6931529778242111,0.6931521373987198,0.6931556296348572,0.693150817155838,0.6931513863801956,0.6931525896787644,1.6844175339270508e-06
ARQ500,500,1549,3006,0.6931478725029872,0.6931360404078777,0.6931539590542133,0.6931571656694779,0.6931455639692453,0.6931481203207603,7.327070133786206e-06
ARQ500,500,1599,3006,0.6931510049606038,0.6931465552231976,0.6931527674755203,0.6931506985815886,0.6931517580959284,0.6931505568673678,2.1243241274655828e-06
ARQ500,500,1650,3006,0.6931211381004407,0.6931220671305289,0.6931221404900918,0.6931537773746711,0.6931512619440372,0.693134077007954,1.5083497068309467e-05
ARQ500,500,1699,3006,0.6931318941517411,0.6931518254993118,0.6931502050328477,0.6931237940476319,0.6931481472799711,0.6931411732023008,1.1241164977735655e-05
ARQ500,500,1749,3006,0.6931525382023414,0.6931545335112266,0.6931530746441443,0.6931523217738254,0.693149492578599,0.6931523921420274,1.6422560434402448e-06
ARQ500,500,1800,3006,0.6931553936004639,0.6931517469882965,0.6931541603803635,0.6931489950418472,0.6931516420841217,0.6931523876190184,2.220559258534239e-06
ARQ500,500,1850,3006,0.6931532117926958,0.6931515445986998,0.6931507575859144,0.6931555485262454,0.6931502570226354,0.6931522639052381,1.923600965691652e-06
ARQ550,550,50,3306,0.0,0.0,0.0,0.0,0.0,0.0,0.0
ARQ550,550,99,3306,0.0,0.0,0.0,0.0,0.0,0.0,0.0
ARQ550,550,149,3306,0.6931678640762432,0.6931489562028207,0.693158421740436,0.6931587329646886,0.6931607619227979,0.6931589473813973,6.048899565445356e-06
ARQ550,550,200,3306,0.6931612813472747,0.693161072731018,0.6931606990098953,0.6931576555967331,0.6931588798761368,0.6931599177122115,1.414090892069259e-06
ARQ550,550,250,3306,0.6931636037826538,0.693162645816803,0.6931643195152283,0.693163046836853,0.6931580476760865,0.6931623327255249,2.21506430505842e-06
ARQ550,550,299,3306,0.6931542499860128,0.6931448845068614,0.6931456601619721,0.6931617228190105,0.6931467175483703,0.6931506470044454,6.467932370699396e-06
ARQ550,550,349,3306,0.6931541302265265,0.6931524806552463,0.6931540925278623,0.6931575042569739,0.69313645362854,0.6931509322590298,7.422044514588591e-06
ARQ550,550,400,3306,0.6931596422195434,0.6931547719240189,0.6931585985422134,0.6931539541482925,0.6931557148694992,0.6931565363407135,2.207027741531961e-06
ARQ550,550,449,3306,0.6931265218068013,0.6931518991436578,0.69314836506295,0.6931470658926837,0.69313003478852,0.6931407773389225,1.0386882016306709e-05
ARQ550,550,499,3306,0.6931525473594665,0.6931581473350525,0.6931508822441101,0.6931558923721314,0.6931630611419678,0.6931561060905457,4.302051451517528e-06
ARQ550,550,550,3306,0.6931550746614282,0.6931534572081133,0.6931535905057734,0.6931612101468173,0.6931547668847171,0.6931556198813699,2.86605850510753e-06
ARQ550,550,600,3306,0.6931570476293564,0.6931518375873565,0.6931519472599029,0.6931545603275299,0.6931621104478836,0.6931555006504059,3.821292677884994e-06
ARQ550,550,649,3306,0.6931234237250932,0.6931393698814812,0.6931228222103294,0.693126210925776,0.6931422680889795,0.6931308189663318,8.295448108420071e-06
ARQ550,550,699,3306,0.6931492660799597,0.6931550212395496,0.6931543599846016,0.6931424028853066,0.6931534939342074,0.6931509088247251,4.702230682844992e-06
ARQ550,550,750,3306,0.6931285670510045,0.6931256254514059,0.693130968897431,0.6931331737173928,0.6931316394496847,0.6931299949133838,2.6415498650463983e-06
ARQ550,550,800,3306,0.6931577581167221,0.6931615793704986,0.6931522440910339,0.6931555581092834,0.6931551325321198,0.6931564544439316,3.1061993891074375e-06
ARQ550,550,849,3306,0.6931249594019953,0.6931337045731946,0.6931338538633329,0.6931204929530064,0.6931175801241509,0.693126118183136,6.6824920681716694e-06
ARQ550,550,900,3306,0.6931544297933578,0.6931591701507568,0.6931525141000747,0.6931613451242447,0.693157149553299,0.6931569217443465,3.172086562011083e-06
ARQ550,550,950,3306,0.6931485218821831,0.6931483419436328,0.6931535815292934,0.6931526728396146,0.6931525002110679,0.6931511236811584,2.2290430923453436e-06
ARQ550,550,999,3306,0.6931524539853001,0.6931532573055577,0.6931564727345029,0.6931562273351995,0.693158947669708,0.6931554718060536,2.3522569902730935e-06
ARQ550,550,1049,3306,0.6931494463057745,0.6931622658457075,0.6931512026559739,0.6931560715039571,0.6931508552460444,0.6931539683114915,4.712983242881423e-06
ARQ550,550,1100,3306,0.6931517720222473,0.6931538510322571,0.6931514108181,0.6931532138586044,0.6931525486707687,0.6931525592803955,8.984374328762851e-07
ARQ550,550,1150,3306,0.6931565999984741,0.6931539785294306,0.693148120244344,0.6931520700454712,0.693148116270701,0.6931517770176842,3.315621289880313e-06
ARQ550,550,1199,3306,0.6931557633461208,0.6931493604948761,0.6931493101863686,0.6931534770431869,0.6931495458707897,0.6931514913882684,2.656156470738881e-06
ARQ550,550,1249,3306,0.6931179716473534,0.6931237918989999,0.693126676763807,0.69311801081612,0.6931299589929126,0.6931232820238387,4.7402927625909545e-06
ARQ550,550,1300,3306,0.6931557714939117,0.6931513226032258,0.6931554138660431,0.693152140378952,0.6931519687175751,0.6931533234119416,1.8762250974334054e-06
ARQ550,550,1349,3306,0.6931529738582097,0.6931540685204359,0.6931509845531904,0.6931539647854291,0.6931520322194467,0.6931528047873423,1.173142393136657e-06
ARQ550,550,1399,3306,0.6931562843146147,0.6931526865120288,0.6931513018078275,0.6931543190170217,0.6931510484880872,0.6931531280279161,1.9613823066753745e-06
ARQ550,550,1450,3306,0.6931482146565731,0.6931543653974166,0.693150826371633,0.6931523497288044,0.6931528133841661,0.6931517139077188,2.082113993662628e-06
ARQ550,550,1500,3306,0.6931584864854813,0.6931515049934387,0.6931527370214462,0.6931511211395264,0.6931512659788132,0.693153023123741,2.7906987617158096e-06
ARQ550,550,1549,3306,0.6931253505440859,0.6931510372803762,0.693147843846908,0.6931436686561658,0.6931528798662699,0.6931441560387611,9.908993422866996e-06
ARQ550,550,1599,3306,0.6931526950586622,0.6931514890394478,0.6931535674032764,0.693153154627185,0.6931517519683481,0.693152531619384,7.978130170149847e-07
ARQ550,550,1650,3306,0.6931497964721459,0.6931209449584668,0.693121672822879,0.6931220258657749,0.693123018512359,0.6931274917263252,1.1172347717276163e-05
ARQ550,550,1699,3306,0.6931263096978731,0.6931209764747976,0.6931501153473542,0.6931540525962259,0.6931501504416778,0.6931403209115857,1.3795877219353468e-05
ARQ550,550,1749,3306,0.6931533524133626,0.6931543871037011,0.693151358840535,0.6931517830172789,0.693150344982888,0.6931522452715532,1.44386591562109e-06
ARQ550,550,1800,3306,0.6931509298086166,0.6931532716751099,0.6931599718332291,0.6931503939628602,0.6931521570682526,0.6931533448696137,3.46044062385885e-06
ARQ550,550,1850,3306,0.6931506771485783,0.6931493675824508,0.693149799282111,0.6931507824694069,0.6931535318059828,0.6931508316577059,1.4509589241757208e-06
ARQ600,600,50,3606,0.0,0.0,0.0,0.0,0.0,0.0,0.0
ARQ600,600,99,3606,0.0,0.0,0.0,0.0,0.0,0.0,0.0
ARQ600,600,149,3606,0.6931576248783393,0.6931541710091917,0.6931532909406112,0.6931482341465534,0.6931546714481891,0.6931535984845769,3.0516090116345064e-06
ARQ600,600,200,3606,0.6931680864095688,0.6931579238176346,0.6931605046987533,0.693155107498169,0.693161940574646,0.6931607125997543,4.3616209334212484e-06
ARQ600,600,250,3606,0.6931578121185302,0.69315993309021,0.6931556701660156,0.6931590662002564,0.6931615734100341,0.6931588109970093,1.9908653954885866e-06
ARQ600,600,299,3606,0.693159407377243,0.6931618110338846,0.6931615765889486,0.693149159749349,0.6931592905521393,0.6931582490603129,4.664806098457703e-06
ARQ600,600,349,3606,0.6931537756553063,0.693134822906592,0.6931503603601048,0.6931582852306529,0.6931355330679152,0.6931465554441141,9.626442140070431e-06
ARQ600,600,400,3606,0.6931599932909012,0.6931556749343872,0.6931591939926147,0.693161831498146,0.6931540411710739,0.6931581469774246,2.865290553382826e-06
ARQ600,600,449,3606,0.6931488234384925,0.6931283853750313,0.693128687618053,0.6931512503497368,0.6931321088191682,0.6931378511200964,1.0064544154880178e-05
ARQ600,600,499,3606,0.6931495728492737,0.6931547694206238,0.6931569080352783,0.6931524724960327,0.6931590604782104,0.6931545566558839,3.317852318980027e-06
ARQ600,600,550,3606,0.6931544238870794,0.6931597406213934,0.6931549099358645,0.6931607457724485,0.6931523751128804,0.6931564390659333,3.23613622891905e-06
ARQ600,600,600,3606,0.6931515717506409,0.6931508672237396,0.6931614071130753,0.6931561756134034,0.6931530368328095,0.6931546117067338,3.856580486251481e-06
ARQ600,600,649,3606,0.6931389433528305,0.6931400069402992,0.6931417568014302,0.6931217520608814,0.6931276578421987,0.693134023399528,7.885686754271226e-06
ARQ600,600,699,3606,0.6931556967588571,0.6931497490304148,0.6931447804483593,0.693150370548933,0.6931563050318987,0.6931513803636925,4.2455501569543974e-06
ARQ600,600,750,3606,0.6931351257695092,0.6931303137982333,0.6931379829291944,0.6931316587660048,0.6931298811126638,0.6931329924751211,3.101297890250431e-06
ARQ600,600,800,3606,0.6931544697284698,0.6931492686271667,0.6931569236516952,0.6931547671556473,0.6931541979312896,0.6931539254188538,2.5200859431111385e-06
ARQ600,600,849,3606,0.693133974186728,0.6931175812382564,0.6931342950491147,0.6931213753245701,0.6931231523228583,0.6931260756243055,6.822599736776339e-06
ARQ600,600,900,3606,0.6931529033184052,0.6931551951169967,0.6931568324565888,0.6931576144695282,0.6931542348861695,0.6931553560495376,1.7075734375590255e-06
ARQ600,600,950,3606,0.6931484937667847,0.6931553426778542,0.6931491989009785,0.6931529275651248,0.6931571887349183,0.693152630329132,3.379647773497422e-06
ARQ600,600,999,3606,0.693160271322405,0.693154282398052,0.6931514734620446,0.6931537744161245,0.6931505407299008,0.6931540684657055,3.3996066639259283e-06
ARQ600,600,1049,3606,0.6931529896599906,0.6931516681398664,0.6931525230407715,0.6931509227979751,0.69315234990347,0.6931520907084148,7.217736836729003e-07
ARQ600,600,1100,3606,0.693154776096344,0.693152025938034,0.6931525039672851,0.693159127831459,0.6931499880552292,0.6931536843776702,3.118641662837913e-06
ARQ600,600,1150,3606,0.6931525633448646,0.6931500661940801,0.6931519786516825,0.6931547636077517,0.693153811068762,0.6931526365734282,1.6092723660927293e-06
ARQ600,600,1199,3606,0.6931538510760036,0.6931543776748377,0.693152431501161,0.6931542754173279,0.6931503502600783,0.6931530571858817,1.52164181985402e-06
ARQ600,600,1249,3606,0.6931263469514393,0.6931288798650106,0.6931174794832865,0.6931170071874346,0.6931269395919073,0.6931233306158157,5.042591675230023e-06
ARQ600,600,1300,3606,0.6931521660089492,0.6931529724597931,0.6931519490480423,0.6931554734706878,0.6931498396396637,0.6931524801254272,1.8196365788239283e-06
ARQ600,600,1349,3606,0.6931481051903504,0.6931531102611468,0.6931506871030881,0.6931532804782574,0.6931501334676375,0.693151063300096,1.942290112179334e-06
ARQ600,600,1399,3606,0.6931593627841385,0.6931494827623721,0.6931597502143295,0.6931498017576005,0.6931504452670062,0.6931537685570894,4.737581474457955e-06
ARQ600,600,1450,3606,0.6931525978904504,0.6931506653244679,0.6931537217818774,0.6931510412922273,0.6931521313694807,0.6931520315317007,1.0986147544225927e-06
ARQ600,600,1500,3606,0.6931538778543472,0.6931567853689193,0.6931565701961517,0.6931512182950974,0.6931510990858079,0.6931539101600647,2.4694913274252387e-06
ARQ600,600,1549,3606,0.6931348265363619,0.6931537550229293,0.6931513536434907,0.6931470231367991,0.6931455490680841,0.6931465014815331,6.536679566768644e-06
ARQ600,600,1599,3606,0.693148256462311,0.6931501287166203,0.6931496752756778,0.6931489995706861,0.6931505893992487,0.6931495298849089,8.252450324714424e-07
ARQ600,600,1650,3606,0.6931502950879244,0.6931195511267736,0.6931561409280851,0.6931534592921917,0.6931230849944628,0.6931405062858875,1.5815581827255378e-05
ARQ600,600,1699,3606,0.6931487310712583,0.6931474437223417,0.6931502423553824,0.6931534281400876,0.6931504111423671,0.6931500512862874,2.005567392990222e-06
ARQ600,600,1749,3606,0.6931496262550354,0.6931522870526731,0.6931496980120835,0.6931560930696506,0.6931501754279276,0.693151575963474,2.4576191852142994e-06
ARQ600,600,1800,3606,0.69314985871315,0.6931516194343567,0.6931549763679504,0.6931527280807495,0.693152487874031,0.6931523340940475,1.6612485812747754e-06
ARQ600,600,1850,3606,0.6931504080596479,0.6931535601615906,0.693150623909478,0.693152120391142,0.6931528350681935,0.6931519095180103,1.227428316497445e-06
